target_id	length	eff_length	est_counts	tpm
ENSMUST00000000033.11	3708	3509	38386.8	347.166
ENSMUST00000000153.8	3416	3217	2894.31	28.5517
ENSMUST00000000253.5	2840	2641	549.705	6.6054
ENSMUST00000000260.12	1580	1381	589.835	13.5542
ENSMUST00000000348.14	1594	1395	2027.57	46.1253
ENSMUST00000000312.11	4430	4231	7372.12	55.2952
ENSMUST00000000395.7	3161	2962	1423.96	15.2564
ENSMUST00000000500.7	2944	2745	624.778	7.22305
ENSMUST00000000896.10	2789	2590	589.591	7.22418
ENSMUST00000000608.7	4127	3928	17927	144.835
ENSMUST00000000924.12	2288	2089	1101.79	16.7377
ENSMUST00000000543.5	2033	1834	585.817	10.1368
ENSMUST00000001055.14	1282	1083	172.594	5.05748
ENSMUST00000000809.2	2928	2729	560	6.51212
ENSMUST00000001547.7	5930	5731	3057	16.9279
ENSMUST00000001507.4	3931	3732	2779.57	23.636
ENSMUST00000001126.3	1978	1779	1412.18	25.1913
ENSMUST00000001595.9	2584	2385	319.742	4.2545
ENSMUST00000001347.6	1394	1195	6395.02	169.829
ENSMUST00000001226.10	2375	2176	331.766	4.8385
ENSMUST00000001812.4	3779	3580	404.313	3.58403
ENSMUST00000001242.8	1378	1179	1926.41	51.8529
ENSMUST00000001583.7	4382	4183	1780.18	13.5056
ENSMUST00000002457.1	2940	2741	1053.9	12.202
ENSMUST00000002127.13	1329	1130	3097.56	86.9919
ENSMUST00000002084.13	3648	3449	1514.76	13.9377
ENSMUST00000003622.15	1666	1467	894.007	19.3396
ENSMUST00000002678.9	2175	1976	864	13.876
ENSMUST00000003038.11	4646	4447	9692.29	69.1667
ENSMUST00000003433.10	3065	2866	4361.78	48.2976
ENSMUST00000003828.10	2195	1996	1969.76	31.3177
ENSMUST00000003061.13	2429	2230	586.016	8.33954
ENSMUST00000002303.11	1202	1003	2214.42	70.0643
ENSMUST00000002518.8	1411	1212	937.778	24.5547
ENSMUST00000003687.7	3383	3184	1662.26	16.5677
ENSMUST00000003436.11	1468	1269	2065.13	51.6444
ENSMUST00000007444.13	2099	1900	750.893	12.5419
ENSMUST00000006392.2	3253	3054	12811.6	133.129
ENSMUST00000006397.6	1761	1562	396.579	8.05724
ENSMUST00000006749.9	4545	4346	4687.33	34.2274
ENSMUST00000009707.13	1536	1337	1960.07	46.5241
ENSMUST00000005019.5	931	732	99	4.29202
ENSMUST00000009530.4	833	634	416.415	20.8437
ENSMUST00000004622.6	6168	5969	2393.19	12.7237
ENSMUST00000006362.3	1010	811	37149.9	1453.7
ENSMUST00000004968.10	3280	3081	3385.02	34.8664
ENSMUST00000006523.11	445	246	320.368	41.3287
ENSMUST00000004990.13	3562	3363	953.438	8.99711
ENSMUST00000004684.12	5271	5072	1636.37	10.2386
ENSMUST00000004913.6	1582	1383	607.786	13.9465
ENSMUST00000005406.11	3176	2977	1763.33	18.7971
ENSMUST00000009058.9	4306	4107	1165.07	9.00257
ENSMUST00000005749.5	4300	4101	5305.5	41.0558
ENSMUST00000009234.15	4085	3886	4510.44	36.8344
ENSMUST00000004745.8	1847	1648	2939.95	56.6136
ENSMUST00000004959.2	1662	1463	199.694	4.3317
ENSMUST00000004892.6	595	396	603.002	48.3238
ENSMUST00000010451.7	1831	1632	300	5.83363
ENSMUST00000020617.2	6255	6056	1570.12	8.22779
ENSMUST00000018755.9	1182	983	539.785	17.4263
ENSMUST00000016664.7	4557	4358	2376.74	17.3074
ENSMUST00000015585.3	894	695	193.288	8.82589
ENSMUST00000018713.12	1335	1136	1810.8	50.586
ENSMUST00000019044.7	3062	2863	1990.65	22.0653
ENSMUST00000013304.7	1629	1430	4468.41	99.164
ENSMUST00000020662.14	4856	4657	2975.66	20.2775
ENSMUST00000020531.8	801	602	31630	1667.4
ENSMUST00000018821.8	1685	1486	2307.74	49.2839
ENSMUST00000020647.9	1142	943	118.36	3.98318
ENSMUST00000018002.12	2248	2049	505.539	7.8298
ENSMUST00000017841.3	1688	1489	4278.28	91.1826
ENSMUST00000020643.3	2688	2489	502	6.40054
ENSMUST00000018743.4	2522	2323	493.24	6.73825
ENSMUST00000020478.13	3422	3223	470.05	4.62829
ENSMUST00000010941.5	2255	2056	147	2.26899
ENSMUST00000020721.14	3335	3136	4638.14	46.9359
ENSMUST00000018186.15	2422	2223	3014.98	43.0411
ENSMUST00000020524.14	2946	2747	1303.2	15.0553
ENSMUST00000020081.10	1834	1635	11602.8	225.207
ENSMUST00000017783.12	7156	6957	2643.43	12.0582
ENSMUST00000020904.7	7644	7445	4013.55	17.1081
ENSMUST00000018361.9	1800	1601	472.376	9.36341
ENSMUST00000018012.13	2693	2494	763.76	9.71847
ENSMUST00000017867.9	849	650	1355.74	66.1914
ENSMUST00000013633.11	2329	2130	469.617	6.99685
ENSMUST00000016781.7	1013	814	173.539	6.76565
ENSMUST00000020217.6	3210	3011	5249	55.3227
ENSMUST00000015578.4	909	710	659.116	29.4606
ENSMUST00000010807.5	3460	3261	1012.8	9.85625
ENSMUST00000018610.6	4192	3993	3146.66	25.0085
ENSMUST00000020982.6	4086	3887	1308	10.679
ENSMUST00000019386.9	3591	3392	826	7.72791
ENSMUST00000019050.11	2230	2031	845.788	13.2157
ENSMUST00000014743.9	4176	3977	795.029	6.34403
ENSMUST00000015791.5	11388	11189	9117.4	25.8593
ENSMUST00000016383.9	2911	2712	2096.2	24.529
ENSMUST00000016498.4	2562	2363	859	11.5363
ENSMUST00000019199.13	3243	3044	1082.37	11.2842
ENSMUST00000019992.5	6046	5847	1322.77	7.17942
ENSMUST00000017851.3	3683	3484	3241.88	29.5295
ENSMUST00000020692.6	2743	2544	1895	23.639
ENSMUST00000014505.4	4302	4103	863.789	6.68104
ENSMUST00000014447.12	3619	3420	947.185	8.78914
ENSMUST00000016678.13	1769	1570	1165.88	23.5664
ENSMUST00000017610.9	3709	3510	985.757	8.91252
ENSMUST00000020085.6	1431	1232	323.047	8.32133
ENSMUST00000019945.14	2129	1930	509.444	8.37678
ENSMUST00000017637.12	3831	3632	1462.23	12.7764
ENSMUST00000016638.7	2454	2255	619.087	8.71251
ENSMUST00000020523.3	4146	3947	1912.49	15.3769
ENSMUST00000019726.7	3645	3446	2845.23	26.2023
ENSMUST00000020586.6	2263	2064	379.041	5.82792
ENSMUST00000027554.7	6857	6658	2323.54	11.075
ENSMUST00000023159.9	3095	2896	1565.01	17.1497
ENSMUST00000025385.6	2684	2485	5381.29	68.7223
ENSMUST00000021889.5	1414	1215	1574	41.1118
ENSMUST00000021885.7	1621	1422	5741.43	128.132
ENSMUST00000026269.3	4848	4649	6966.4	47.5539
ENSMUST00000024786.13	2296	2097	2861.63	43.3065
ENSMUST00000022469.12	5559	5360	2795.59	16.5518
ENSMUST00000026142.7	2821	2622	11783.8	142.624
ENSMUST00000027632.13	2523	2324	430.267	5.87543
ENSMUST00000025567.8	3150	2951	1982.83	21.3233
ENSMUST00000022148.6	2123	1924	563.601	9.29618
ENSMUST00000026899.3	2023	1824	6265.99	109.019
ENSMUST00000025595.4	3267	3068	488.603	5.05403
ENSMUST00000026577.12	3191	2992	7755.95	82.2642
ENSMUST00000022660.13	5316	5117	1092.03	6.7726
ENSMUST00000027153.5	1916	1717	1080.07	19.9627
ENSMUST00000027279.11	2838	2639	4840.87	58.2133
ENSMUST00000022108.8	5715	5516	735.602	4.2321
ENSMUST00000028286.11	1489	1290	791.011	19.4595
ENSMUST00000023803.7	1437	1238	54951.8	1408.64
ENSMUST00000022517.8	1497	1298	373.022	9.12007
ENSMUST00000021714.8	1308	1109	1062.49	30.4041
ENSMUST00000022345.6	1631	1432	1634.03	36.2123
ENSMUST00000025522.10	5407	5208	1634	9.95677
ENSMUST00000027760.13	4572	4373	975.437	7.07877
ENSMUST00000025645.13	3657	3458	761.336	6.98697
ENSMUST00000027263.13	3293	3094	1322.5	13.5648
ENSMUST00000024011.9	3392	3193	1156	11.4894
ENSMUST00000025856.16	5161	4962	2813.49	17.994
ENSMUST00000022340.4	4876	4677	3772.81	25.5997
ENSMUST00000023487.4	7964	7765	4197.97	17.1568
ENSMUST00000022418.14	1447	1248	956.781	24.3296
ENSMUST00000022169.9	1905	1706	1745.97	32.4784
ENSMUST00000022828.8	855	656	293.797	14.2128
ENSMUST00000025419.8	1403	1204	1712	45.1248
ENSMUST00000023774.11	3025	2826	714.191	8.0201
ENSMUST00000028207.12	3833	3634	1048.17	9.15347
ENSMUST00000027943.5	801	602	1102.06	58.0962
ENSMUST00000024721.7	2339	2140	318.703	4.72618
ENSMUST00000026568.9	3624	3425	1937.61	17.9533
ENSMUST00000024839.5	4521	4322	2503	18.3787
ENSMUST00000022185.9	2741	2542	976.383	12.1894
ENSMUST00000022875.6	3498	3299	1261.81	12.1381
ENSMUST00000025490.9	5030	4831	860.078	5.64987
ENSMUST00000026415.8	2240	2041	1757.09	27.3205
ENSMUST00000023171.7	1468	1269	293.991	7.35209
ENSMUST00000024840.11	5322	5123	2302	14.26
ENSMUST00000028062.7	2193	1994	1546.26	24.6091
ENSMUST00000023105.4	2408	2209	1249.81	17.955
ENSMUST00000024119.10	2168	1969	644.102	10.3812
ENSMUST00000027532.12	2202	2003	654.434	10.3687
ENSMUST00000021564.10	3439	3240	2401.8	23.525
ENSMUST00000023100.7	5077	4878	4152.25	27.0134
ENSMUST00000025667.13	2898	2699	2020.25	23.7542
ENSMUST00000023693.13	3047	2848	547.519	6.10094
ENSMUST00000024595.3	3504	3305	1400.02	13.4431
ENSMUST00000024104.8	2068	1869	657.545	11.1649
ENSMUST00000027634.12	569	370	3157.2	270.793
ENSMUST00000026902.8	3522	3323	1773.16	16.9339
ENSMUST00000024906.5	4086	3887	1501.06	12.2553
ENSMUST00000025161.9	2898	2699	754.441	8.87074
ENSMUST00000023072.6	3784	3585	2954.32	26.152
ENSMUST00000025914.6	1281	1082	237.162	6.95595
ENSMUST00000021778.13	844	645	9229.35	454.098
ENSMUST00000022682.5	2914	2715	2073.81	24.2402
ENSMUST00000025363.6	2375	2176	2596.82	37.8723
ENSMUST00000022531.13	5191	4992	1268.47	8.06386
ENSMUST00000025867.5	2716	2517	1323.48	16.6867
ENSMUST00000024978.6	715	516	375.655	23.1035
ENSMUST00000027178.12	6342	6143	2106.69	10.8832
ENSMUST00000023550.8	1809	1610	2097.99	41.3538
ENSMUST00000025681.7	5995	5796	1506	8.24583
ENSMUST00000028280.13	8406	8207	1648.79	6.37557
ENSMUST00000021790.6	914	715	8130	360.846
ENSMUST00000028257.2	3330	3131	881.561	8.93525
ENSMUST00000022296.6	1408	1209	2875.85	75.4878
ENSMUST00000028135.14	3714	3515	6883.52	62.1474
ENSMUST00000026119.7	1957	1758	209.685	3.78517
ENSMUST00000024954.10	5516	5317	7400.11	44.1682
ENSMUST00000025904.11	1262	1063	1475.46	44.0485
ENSMUST00000022099.14	3675	3476	1966.32	17.952
ENSMUST00000025484.8	2059	1860	907.604	15.4853
ENSMUST00000023486.14	4890	4691	27483.8	185.93
ENSMUST00000021959.10	1527	1328	825.263	19.7211
ENSMUST00000025393.13	3384	3185	2319.89	23.1151
ENSMUST00000025684.3	3353	3154	10035.1	100.971
ENSMUST00000028005.2	1097	898	1766	62.4097
ENSMUST00000026170.2	1529	1330	476	11.3578
ENSMUST00000024734.7	645	446	827.427	58.8752
ENSMUST00000026666.12	3363	3164	4158.69	41.7117
ENSMUST00000021832.6	2633	2434	754.236	9.83387
ENSMUST00000026735.8	1526	1327	681	16.286
ENSMUST00000022757.4	919	720	592.106	26.0978
ENSMUST00000026991.15	1748	1549	1435.77	29.4151
ENSMUST00000025254.8	1870	1671	967.33	18.3711
ENSMUST00000021844.14	3266	3067	511.961	5.29738
ENSMUST00000022587.9	1762	1563	4748.71	96.4171
ENSMUST00000024698.9	984	785	937.714	37.9086
ENSMUST00000021903.2	1071	872	1147.41	41.7579
ENSMUST00000022629.8	4520	4321	1078.07	7.91774
ENSMUST00000021776.3	993	794	19694.7	787.166
ENSMUST00000026296.7	4001	3802	629.503	5.25441
ENSMUST00000021888.8	1378	1179	170.501	4.58935
ENSMUST00000021207.6	3512	3313	4059.9	38.8894
ENSMUST00000026012.7	1815	1616	6800.91	133.556
ENSMUST00000026013.5	4167	3968	5233.1	41.8528
ENSMUST00000027137.10	3370	3171	3062.42	30.6483
ENSMUST00000022977.13	2758	2559	4460.43	55.3152
ENSMUST00000027997.8	4096	3897	5158.1	42.0046
ENSMUST00000021971.5	3374	3175	960.164	9.59709
ENSMUST00000027367.13	2876	2677	1822.83	21.609
ENSMUST00000027743.12	4589	4390	804.426	5.81513
ENSMUST00000026665.7	5179	4980	1507.07	9.60375
ENSMUST00000027989.12	4612	4413	3257.13	23.4228
ENSMUST00000021738.9	2971	2772	1106.29	12.6652
ENSMUST00000021968.6	2451	2252	309	4.35439
ENSMUST00000023689.10	3909	3710	4608.72	39.4225
ENSMUST00000025827.9	2613	2414	1859.81	24.4495
ENSMUST00000026672.7	3802	3603	770.718	6.78842
ENSMUST00000021459.13	3158	2959	3274.32	35.1167
ENSMUST00000025866.13	3253	3054	608.022	6.31813
ENSMUST00000022701.6	4656	4457	993.8	7.0761
ENSMUST00000023818.10	2824	2625	641.577	7.75635
ENSMUST00000026172.2	1100	901	172.921	6.09061
ENSMUST00000021362.4	1905	1706	1800.2	33.4872
ENSMUST00000023691.11	1850	1651	876.35	16.8449
ENSMUST00000026865.14	5481	5282	5254.84	31.5717
ENSMUST00000026917.9	3597	3398	550.748	5.1436
ENSMUST00000022786.5	2670	2471	721.614	9.26765
ENSMUST00000024958.8	5938	5739	3287.98	18.1815
ENSMUST00000021142.7	4593	4394	1894.12	13.68
ENSMUST00000021375.11	4109	3910	2573.67	20.8888
ENSMUST00000029541.11	2259	2060	683.607	10.5312
ENSMUST00000032336.6	2010	1811	5928.43	103.887
ENSMUST00000028378.3	3885	3686	680.778	5.86121
ENSMUST00000040110.7	5527	5328	1093	6.51019
ENSMUST00000033289.5	4085	3886	1405.42	11.4773
ENSMUST00000032151.2	2515	2316	1248.83	17.1121
ENSMUST00000032736.10	5205	5006	1563.1	9.90909
ENSMUST00000041438.6	2600	2401	464.517	6.1397
ENSMUST00000034650.14	2989	2790	398.874	4.537
ENSMUST00000037286.9	2000	1801	628	11.0658
ENSMUST00000033775.8	2525	2326	1331.91	18.172
ENSMUST00000033741.14	2419	2220	315.56	4.51094
ENSMUST00000034717.6	5040	4841	910.144	5.9664
ENSMUST00000034285.13	1596	1397	7014	159.333
ENSMUST00000036606.13	4963	4764	979.28	6.52338
ENSMUST00000032865.16	1585	1386	932	21.3398
ENSMUST00000037064.4	4174	3975	2949.5	23.5477
ENSMUST00000033490.12	3658	3459	533.732	4.89678
ENSMUST00000031309.15	2421	2222	1704.76	24.3477
ENSMUST00000036248.12	4538	4339	1028.1	7.51939
ENSMUST00000031788.8	1825	1626	2474.66	48.2984
ENSMUST00000033878.13	3217	3018	686.36	7.21723
ENSMUST00000033450.2	2651	2452	188	2.43318
ENSMUST00000029128.3	1112	913	478.666	16.6379
ENSMUST00000036109.7	1681	1482	138.938	2.97515
ENSMUST00000033502.13	1902	1703	509.897	9.5018
ENSMUST00000029046.8	987	788	3672.8	147.914
ENSMUST00000034913.4	1205	1006	600.49	18.9429
ENSMUST00000031447.11	1595	1396	1534.36	34.8802
ENSMUST00000030080.6	7314	7115	2967.7	13.2368
ENSMUST00000028648.2	3761	3562	1019.68	9.08463
ENSMUST00000032179.13	7037	6838	1038.8	4.82105
ENSMUST00000033057.8	1149	950	817	27.292
ENSMUST00000041388.10	3011	2812	11310.4	127.644
ENSMUST00000037423.3	1539	1340	575.076	13.6194
ENSMUST00000030922.14	2641	2442	2167.53	28.1681
ENSMUST00000044442.9	4235	4036	958.152	7.53392
ENSMUST00000038945.5	1435	1236	1059.02	27.1909
ENSMUST00000029463.12	1802	1603	16120.4	319.139
ENSMUST00000030357.14	2354	2155	876.368	12.9056
ENSMUST00000035540.8	5494	5295	3717	22.2774
ENSMUST00000043577.2	1416	1217	481	12.5427
ENSMUST00000033468.10	4569	4370	7892.26	57.3136
ENSMUST00000040461.3	3435	3236	1563	15.3281
ENSMUST00000034632.9	2619	2420	420.49	5.51414
ENSMUST00000034171.8	3692	3493	2833.4	25.7423
ENSMUST00000041416.7	2416	2217	1424.81	20.3952
ENSMUST00000031091.12	6677	6478	3523.17	17.2596
ENSMUST00000038160.5	2448	2249	117	1.65095
ENSMUST00000040056.14	3310	3111	3323.85	33.9062
ENSMUST00000031530.8	3204	3005	2812.29	29.6997
ENSMUST00000033335.5	1028	829	274.666	10.5145
ENSMUST00000029610.8	1789	1590	5757.99	114.924
ENSMUST00000043333.8	1708	1509	985.796	20.7317
ENSMUST00000030306.13	5517	5318	1452.36	8.6669
ENSMUST00000035982.7	4832	4633	1539.71	10.5466
ENSMUST00000030551.10	2522	2323	5134.02	70.1368
ENSMUST00000031868.4	3427	3228	2059.04	20.2427
ENSMUST00000031080.14	2938	2739	431	4.99371
ENSMUST00000043294.11	3286	3087	567.153	5.83044
ENSMUST00000033394.7	3903	3704	561.093	4.8073
ENSMUST00000043680.8	1802	1603	2415.44	47.819
ENSMUST00000032373.11	1304	1105	4280.49	122.933
ENSMUST00000035148.12	7122	6923	2093.89	9.59835
ENSMUST00000037828.7	6549	6350	3545.75	17.7203
ENSMUST00000030361.10	1775	1576	1843.73	37.1261
ENSMUST00000030127.12	2862	2663	934.515	11.1366
ENSMUST00000033229.4	633	434	56589	4137.9
ENSMUST00000037528.9	4611	4412	1695.94	12.1987
ENSMUST00000029540.12	4066	3867	865.31	7.10126
ENSMUST00000034740.14	5499	5300	14226.5	85.1843
ENSMUST00000039788.10	3186	2987	359.086	3.81506
ENSMUST00000030261.5	958	759	613.836	25.6654
ENSMUST00000032422.5	2306	2107	820.048	12.3513
ENSMUST00000037557.8	5511	5312	1855.66	11.0861
ENSMUST00000035158.15	2571	2372	728.735	9.74973
ENSMUST00000044002.9	2039	1840	373.046	6.43402
ENSMUST00000040576.9	5068	4869	4095	26.6902
ENSMUST00000036497.15	3378	3179	460.631	4.59833
ENSMUST00000032066.12	4527	4328	2179.96	15.9845
ENSMUST00000034618.5	2193	1994	319.493	5.0848
ENSMUST00000037399.15	1028	829	175.508	6.71861
ENSMUST00000036049.5	3141	2942	849.333	9.16164
ENSMUST00000031606.9	3212	3013	1047.59	11.0339
ENSMUST00000032977.10	1520	1321	385.753	9.26711
ENSMUST00000034243.6	5135	4936	3004.14	19.3145
ENSMUST00000030917.5	5522	5323	1302.4	7.76471
ENSMUST00000041543.8	2553	2354	776.114	10.463
ENSMUST00000042503.8	4340	4141	1011.14	7.74898
ENSMUST00000033752.13	3964	3765	1423.82	12.0013
ENSMUST00000030464.13	5257	5058	912.368	5.72439
ENSMUST00000036206.13	2473	2274	987	13.7741
ENSMUST00000028522.9	4310	4111	1215.43	9.38253
ENSMUST00000031347.7	1391	1192	906.725	24.14
ENSMUST00000033290.11	2955	2756	603.683	6.95132
ENSMUST00000036719.11	6533	6334	2370.11	11.8749
ENSMUST00000040706.8	4709	4510	756.427	5.32265
ENSMUST00000032194.10	3113	2914	2222.82	24.2077
ENSMUST00000032988.9	1852	1653	6211.64	119.253
ENSMUST00000041555.9	4998	4799	994.142	6.57409
ENSMUST00000044415.15	2467	2268	704.779	9.8616
ENSMUST00000040668.8	2805	2606	1386.56	16.885
ENSMUST00000030446.14	1489	1290	1517.52	37.3321
ENSMUST00000032705.12	3508	3309	827.496	7.93609
ENSMUST00000033952.7	4372	4173	642.287	4.88448
ENSMUST00000034944.8	1772	1573	286.853	5.7872
ENSMUST00000038275.10	3065	2866	437.852	4.84829
ENSMUST00000034478.2	3259	3060	1605.99	16.6556
ENSMUST00000031736.15	2893	2694	1264.2	14.8921
ENSMUST00000030643.2	4126	3927	2398.66	19.3841
ENSMUST00000037609.7	2694	2495	1209.2	15.3803
ENSMUST00000037853.4	3642	3443	507.893	4.68137
ENSMUST00000034363.6	1840	1641	3043	58.8479
ENSMUST00000031320.7	588	389	150.14	12.2486
ENSMUST00000042985.10	2626	2427	1208.77	15.8057
ENSMUST00000034041.8	2497	2298	1021.88	14.112
ENSMUST00000039784.11	1762	1563	3258.41	66.1583
ENSMUST00000040455.4	6194	5995	3491.35	18.4817
ENSMUST00000033923.13	6159	5960	1530.5	8.14939
ENSMUST00000040430.7	2766	2567	7403.73	91.5298
ENSMUST00000035667.8	3752	3553	956.747	8.54554
ENSMUST00000030069.6	2296	2097	2974	45.007
ENSMUST00000030432.7	1418	1219	2226.49	57.9636
ENSMUST00000040514.7	6323	6124	1219.68	6.32047
ENSMUST00000036578.6	4594	4395	5948	42.9487
ENSMUST00000034590.3	1595	1396	360.685	8.19937
ENSMUST00000029183.2	2266	2067	1402.4	21.5312
ENSMUST00000043520.4	2012	1813	372.593	6.52191
ENSMUST00000043929.10	1618	1419	612.052	13.6881
ENSMUST00000044297.6	2864	2665	543.779	6.47535
ENSMUST00000030814.10	2059	1860	676.932	11.5497
ENSMUST00000038142.14	1083	884	486.328	17.4588
ENSMUST00000032200.15	2644	2445	933.003	12.1099
ENSMUST00000044021.11	3571	3372	882.49	8.30539
ENSMUST00000031607.6	4035	3836	739.342	6.11652
ENSMUST00000031565.14	2675	2476	15496.5	198.619
ENSMUST00000038446.9	2143	1944	267	4.35866
ENSMUST00000041684.10	4929	4730	3033.77	20.3544
ENSMUST00000028672.12	1054	855	203.844	7.56607
ENSMUST00000034534.12	5080	4881	1057.73	6.87704
ENSMUST00000030385.12	1443	1244	465.923	11.8859
ENSMUST00000033995.13	1039	840	352.725	13.3259
ENSMUST00000039373.13	6590	6391	5966.45	29.6268
ENSMUST00000042974.14	1773	1574	716.948	14.4551
ENSMUST00000035273.3	879	680	12221	570.34
ENSMUST00000031003.10	4088	3889	5806.5	47.3821
ENSMUST00000039620.6	1170	971	535.836	17.5126
ENSMUST00000030636.10	1060	861	3282.05	120.971
ENSMUST00000031750.13	5469	5270	2779.12	16.7353
ENSMUST00000038775.5	3694	3495	933	8.47173
ENSMUST00000040423.11	1691	1492	328.409	6.98528
ENSMUST00000044116.13	3770	3571	1212.38	10.7742
ENSMUST00000030471.8	3065	2866	4295.25	47.5609
ENSMUST00000038259.12	3010	2811	4099.73	46.2841
ENSMUST00000039928.6	6439	6240	3985.14	20.2674
ENSMUST00000030326.9	2460	2261	8436.6	118.414
ENSMUST00000036742.13	1401	1202	653.087	17.2427
ENSMUST00000030399.6	2593	2394	4949.75	65.614
ENSMUST00000031668.9	5348	5149	1185.71	7.3079
ENSMUST00000034591.10	6058	5859	1353.41	7.33067
ENSMUST00000033163.7	1823	1624	2863.07	55.948
ENSMUST00000039016.13	3062	2863	448.313	4.96932
ENSMUST00000041142.3	2242	2043	904.154	14.0447
ENSMUST00000032825.13	2125	1926	5391.07	88.8294
ENSMUST00000035009.15	993	794	592.376	23.6764
ENSMUST00000037029.6	6782	6583	3277.62	15.8006
ENSMUST00000031653.11	6895	6696	940.862	4.45911
ENSMUST00000029810.5	3203	3004	1065.25	11.2535
ENSMUST00000034713.8	4627	4428	14401.2	103.212
ENSMUST00000035325.14	3348	3149	1039.48	10.4757
ENSMUST00000041500.7	2812	2613	4079	49.5395
ENSMUST00000031731.13	1626	1427	255.537	5.68286
ENSMUST00000034698.8	1378	1179	893.014	24.0371
ENSMUST00000033591.5	1744	1545	2809	57.698
ENSMUST00000037315.12	6877	6678	6511.99	30.946
ENSMUST00000035672.4	6217	6018	1262.05	6.6552
ENSMUST00000029773.12	2049	1850	3737.9	64.1199
ENSMUST00000040336.11	6251	6052	1302.43	6.82956
ENSMUST00000030898.11	2860	2661	2275.42	27.1365
ENSMUST00000031445.4	3239	3040	2883.96	30.106
ENSMUST00000028783.13	2273	2074	1616.97	24.7418
ENSMUST00000042661.7	4658	4459	4149.19	29.53
ENSMUST00000043378.8	1559	1360	2625.17	61.2571
ENSMUST00000029770.7	3489	3290	1509.79	14.5633
ENSMUST00000033818.9	7549	7350	5498.52	23.7409
ENSMUST00000041168.5	6507	6308	4018.63	20.2174
ENSMUST00000030489.8	4213	4014	663.418	5.24502
ENSMUST00000031490.10	5213	5014	1994.33	12.6227
ENSMUST00000033941.6	2525	2326	3106.9	42.3892
ENSMUST00000033876.13	5760	5561	713.901	4.07402
ENSMUST00000032265.12	3572	3373	2183.99	20.5481
ENSMUST00000043050.8	2331	2132	245.214	3.65002
ENSMUST00000033979.5	4046	3847	30960.4	255.401
ENSMUST00000033715.4	2168	1969	1375.63	22.1715
ENSMUST00000029630.14	2083	1884	75.3731	1.26962
ENSMUST00000034300.7	1208	1009	1665.25	52.3753
ENSMUST00000037205.10	828	629	174.035	8.78058
ENSMUST00000034164.5	2304	2105	4516.04	68.0837
ENSMUST00000043589.7	6383	6184	1381.71	7.09063
ENSMUST00000031382.13	4387	4188	1458.97	11.0554
ENSMUST00000036172.9	4002	3803	656.778	5.48062
ENSMUST00000033169.8	2525	2326	2126.96	29.0193
ENSMUST00000031317.9	1958	1759	427.74	7.71706
ENSMUST00000034876.9	1716	1517	3141.24	65.7132
ENSMUST00000036476.9	3843	3644	2070.95	18.0355
ENSMUST00000039631.9	2035	1836	765.489	13.2313
ENSMUST00000037378.5	949	750	385.83	16.3257
ENSMUST00000031273.8	3924	3725	2213.02	18.8537
ENSMUST00000070532.7	823	624	6522.31	331.707
ENSMUST00000064481.14	1448	1249	603.441	15.3324
ENSMUST00000051484.4	1410	1211	352	9.22436
ENSMUST00000071096.2	2321	2122	529.056	7.91214
ENSMUST00000048068.14	3905	3706	1220.95	10.4552
ENSMUST00000052457.14	4717	4518	2440.64	17.1433
ENSMUST00000051259.9	2439	2240	1898.85	26.9017
ENSMUST00000067620.11	5690	5491	4982.6	28.7966
ENSMUST00000070890.5	1653	1454	1225	26.7368
ENSMUST00000071664.11	1276	1077	1942.9	57.2497
ENSMUST00000072329.14	1362	1163	752.517	20.534
ENSMUST00000053593.7	3545	3346	7099.99	67.3395
ENSMUST00000060711.7	7149	6950	1264.6	5.77438
ENSMUST00000047753.4	4997	4798	661.635	4.37619
ENSMUST00000052068.10	2652	2453	2773.96	35.8873
ENSMUST00000044752.5	1023	824	163	6.27766
ENSMUST00000049093.7	2795	2596	719.747	8.79859
ENSMUST00000061498.6	4074	3875	843	6.90388
ENSMUST00000068237.11	7303	7104	2592.49	11.5812
ENSMUST00000045303.9	3241	3042	860.929	8.98143
ENSMUST00000056649.12	2847	2648	1269.38	15.2129
ENSMUST00000068603.7	5847	5648	1780.28	10.003
ENSMUST00000045713.3	4892	4693	1582.93	10.7041
ENSMUST00000051395.8	3824	3625	814.895	7.13397
ENSMUST00000046575.16	1883	1684	3970.68	74.8273
ENSMUST00000059193.6	3336	3137	5392.78	54.5552
ENSMUST00000044725.8	1668	1469	369.098	7.97366
ENSMUST00000063156.10	1245	1046	1505.6	45.6788
ENSMUST00000071526.5	1271	1072	8746.17	258.917
ENSMUST00000058865.13	2406	2207	371.658	5.34415
ENSMUST00000072331.12	439	240	129.631	17.141
ENSMUST00000052825.6	1037	838	171.559	6.49692
ENSMUST00000050183.6	4428	4229	6799.55	51.0247
ENSMUST00000059078.3	3075	2876	1490.38	16.4454
ENSMUST00000045923.9	2950	2751	2014.7	23.2411
ENSMUST00000045748.6	2115	1916	527.095	8.73033
ENSMUST00000057921.9	2242	2043	2750.44	42.7239
ENSMUST00000069580.11	1434	1235	1715.53	44.0827
ENSMUST00000064371.13	6640	6441	3146.6	15.5034
ENSMUST00000059768.16	9964	9765	1043.81	3.39224
ENSMUST00000071711.3	2347	2148	5452	80.5488
ENSMUST00000049488.8	5366	5167	1123.2	6.8985
ENSMUST00000053664.8	1977	1778	2208.89	39.4257
ENSMUST00000048678.6	4667	4468	1749.9	12.429
ENSMUST00000066497.11	5732	5533	932.44	5.34808
ENSMUST00000069695.8	1546	1347	3102.65	73.0975
ENSMUST00000060435.6	3445	3246	1532	14.9778
ENSMUST00000072697.12	2047	1848	2503.2	42.9865
ENSMUST00000053063.6	3495	3296	6012	57.8855
ENSMUST00000070642.3	1504	1305	1745.11	42.4374
ENSMUST00000069285.5	2810	2611	2626.6	31.9246
ENSMUST00000052332.14	5768	5569	1471.16	8.38338
ENSMUST00000044989.11	2939	2740	951.921	11.0252
ENSMUST00000070630.7	2605	2406	682	8.99552
ENSMUST00000063347.11	2660	2461	347.366	4.47933
ENSMUST00000047973.3	4028	3829	8131.58	67.3949
ENSMUST00000051401.3	1816	1617	1871	36.7199
ENSMUST00000057454.3	645	446	333	23.6945
ENSMUST00000059619.2	2560	2361	1273	17.1108
ENSMUST00000068058.13	4557	4358	2315.93	16.8646
ENSMUST00000051209.10	8694	8495	35678.9	133.286
ENSMUST00000046005.8	2906	2707	751.315	8.80788
ENSMUST00000066037.12	4523	4324	958.018	7.03114
ENSMUST00000056328.5	2724	2525	2307.51	29.0015
ENSMUST00000055575.7	943	744	329.951	14.0739
ENSMUST00000044766.14	6628	6429	1360.31	6.71478
ENSMUST00000066597.12	2991	2792	1060.28	12.0516
ENSMUST00000051934.6	2720	2521	1370.06	17.2466
ENSMUST00000063817.6	753	554	315.523	18.0742
ENSMUST00000044524.15	1555	1356	3504.38	82.0142
ENSMUST00000069557.13	6584	6385	3026.66	15.0432
ENSMUST00000072357.13	3639	3440	1459.66	13.4657
ENSMUST00000046386.4	7444	7245	2958.75	12.9601
ENSMUST00000066743.10	5012	4813	3306	21.7984
ENSMUST00000063982.6	6915	6716	1575.9	7.44655
ENSMUST00000060792.5	3491	3292	603	5.81293
ENSMUST00000054491.5	1620	1421	313	6.99017
ENSMUST00000054963.9	2860	2661	1356.93	16.1827
ENSMUST00000045802.6	2188	1989	481.945	7.68953
ENSMUST00000058702.6	1828	1629	754.308	14.6949
ENSMUST00000067198.2	1250	1051	3383.47	102.164
ENSMUST00000057293.7	7023	6824	5585.18	25.9738
ENSMUST00000048375.5	4223	4024	1499.94	11.8292
ENSMUST00000071135.5	2228	2029	1182.04	18.4878
ENSMUST00000066489.12	2178	1979	436.252	6.99567
ENSMUST00000068225.14	2960	2761	765.953	8.80386
ENSMUST00000060864.12	3947	3748	782.206	6.62307
ENSMUST00000059983.9	820	621	2872.48	146.792
ENSMUST00000065482.5	1923	1724	264.545	4.86968
ENSMUST00000046587.7	3225	3026	838.808	8.79693
ENSMUST00000059970.8	2263	2064	613	9.42515
ENSMUST00000055022.14	1820	1621	899.707	17.6139
ENSMUST00000060311.11	7835	7636	1127.35	4.68524
ENSMUST00000071648.11	3451	3252	1272.78	12.4205
ENSMUST00000069968.12	1006	807	162.618	6.3949
ENSMUST00000061986.11	2244	2045	842.421	13.0729
ENSMUST00000066264.12	1267	1068	1260.5	37.455
ENSMUST00000058906.6	939	740	2321.43	99.5548
ENSMUST00000045970.7	4176	3977	3064.25	24.4516
ENSMUST00000059155.10	2697	2498	2605.97	33.1066
ENSMUST00000045388.7	1578	1379	148.444	3.41614
ENSMUST00000046807.6	3756	3557	1607.91	14.3455
ENSMUST00000046288.15	1582	1383	358.038	8.2157
ENSMUST00000060524.10	2245	2046	377	5.84754
ENSMUST00000050467.8	4151	3952	784.673	6.301
ENSMUST00000067060.8	1530	1331	480	11.4446
ENSMUST00000046049.13	2388	2189	161.967	2.34811
ENSMUST00000057540.5	2375	2176	777.802	11.3435
ENSMUST00000064129.13	2356	2157	685.766	10.0894
ENSMUST00000047421.5	4091	3892	857.548	6.99235
ENSMUST00000046983.9	2412	2213	2337.29	33.5172
ENSMUST00000054764.8	2497	2298	377	5.2063
ENSMUST00000053959.6	4993	4794	2386.02	15.7948
ENSMUST00000069994.10	2258	2059	887.044	13.6718
ENSMUST00000051937.8	1812	1613	329.359	6.47997
ENSMUST00000063384.3	401	202	61.6051	9.67839
ENSMUST00000062620.8	410	211	40.9553	6.15978
ENSMUST00000053498.12	4474	4275	1616.2	11.9977
ENSMUST00000058745.14	3691	3492	2342.29	21.2865
ENSMUST00000055947.9	3318	3119	518.574	5.27635
ENSMUST00000055676.3	3046	2847	571	6.36482
ENSMUST00000055226.12	8315	8116	3961.78	15.4912
ENSMUST00000052348.11	1525	1326	769.179	18.4086
ENSMUST00000060214.9	1864	1665	709.635	13.5257
ENSMUST00000047028.8	3362	3163	3787.84	38.004
ENSMUST00000063957.5	613	414	60275	4620.35
ENSMUST00000063117.9	1656	1457	724.299	15.776
ENSMUST00000063359.7	1848	1649	860	16.5507
ENSMUST00000052999.12	1307	1108	850.872	24.3704
ENSMUST00000047815.12	4521	4322	688.305	5.05398
ENSMUST00000047429.8	846	647	2654.74	130.213
ENSMUST00000060212.12	2007	1808	1783.22	31.2999
ENSMUST00000048687.10	1019	820	3314	128.256
ENSMUST00000052839.6	3258	3059	2166.94	22.4805
ENSMUST00000046266.12	6848	6649	2004.12	9.56545
ENSMUST00000054197.6	6394	6195	1978.65	10.136
ENSMUST00000072634.14	3634	3435	5385.09	49.7512
ENSMUST00000054096.12	4715	4516	1312.79	9.22527
ENSMUST00000044773.11	4812	4613	1133.98	7.80115
ENSMUST00000060710.8	1945	1746	368.337	6.69481
ENSMUST00000049400.14	5637	5438	5311.9	30.999
ENSMUST00000054052.14	3390	3191	1864.72	18.5449
ENSMUST00000046950.12	5728	5529	1263.03	7.24943
ENSMUST00000059250.7	2609	2410	2250.6	29.636
ENSMUST00000072154.8	2339	2140	751.716	11.1475
ENSMUST00000067853.5	2242	2043	176.569	2.74273
ENSMUST00000058488.8	1346	1147	1285	35.5531
ENSMUST00000072093.12	8649	8450	6435.25	24.1683
ENSMUST00000064545.10	798	599	351.901	18.6436
ENSMUST00000059362.2	4055	3856	1311.76	10.7958
ENSMUST00000056924.13	5485	5286	822	4.93495
ENSMUST00000047040.3	1662	1463	138.301	2.99998
ENSMUST00000048010.8	4389	4190	723.915	5.48291
ENSMUST00000067072.4	1166	967	153.421	5.03497
ENSMUST00000070181.6	6235	6036	1210	6.36169
ENSMUST00000048670.9	2558	2359	1813.16	24.3919
ENSMUST00000070449.5	3069	2870	843	9.32145
ENSMUST00000055327.7	1765	1566	2083.29	42.2178
ENSMUST00000071564.13	3567	3368	1508.32	14.2122
ENSMUST00000068519.6	4977	4778	2532.37	16.8197
ENSMUST00000066652.6	7409	7210	1565.23	6.88938
ENSMUST00000053456.10	4673	4474	925.868	6.56736
ENSMUST00000045847.14	3505	3306	1270.84	12.199
ENSMUST00000065499.4	1830	1631	1552.45	30.2066
ENSMUST00000048957.10	7915	7716	1351.2	5.55733
ENSMUST00000068505.9	3225	3026	2547.01	26.7116
ENSMUST00000064765.5	1531	1332	307.601	7.3286
ENSMUST00000052125.6	3399	3200	2169	21.5103
ENSMUST00000051414.1	1970	1771	680.898	12.2012
ENSMUST00000057019.8	3699	3500	616.068	5.58596
ENSMUST00000063976.8	3366	3167	4351.47	43.6039
ENSMUST00000062405.7	1611	1412	219	4.92206
ENSMUST00000048308.5	3035	2836	350.814	3.92562
ENSMUST00000067036.11	1526	1327	1456.81	34.8393
ENSMUST00000056427.9	1610	1411	2615.85	58.8333
ENSMUST00000050611.13	4804	4605	840.696	5.79358
ENSMUST00000057927.9	3202	3003	445.659	4.70961
ENSMUST00000065353.12	4171	3972	3193.05	25.5114
ENSMUST00000048452.5	1987	1788	982	17.4294
ENSMUST00000065014.9	5629	5430	2458.04	14.3657
ENSMUST00000046426.9	4712	4513	10313.3	72.5218
ENSMUST00000047328.10	1307	1108	852.038	24.4038
ENSMUST00000071902.4	3936	3737	1910.41	16.2234
ENSMUST00000067976.8	3088	2889	1137.25	12.4924
ENSMUST00000067584.6	4147	3948	1416.83	11.3888
ENSMUST00000050574.6	2672	2473	728	9.34211
ENSMUST00000044530.2	3517	3318	571.054	5.46184
ENSMUST00000062613.11	2463	2264	2743.49	38.4561
ENSMUST00000071134.3	1868	1669	2592.38	49.2925
ENSMUST00000060077.6	3097	2898	4172.95	45.6964
ENSMUST00000055698.7	2406	2207	28882	415.301
ENSMUST00000063216.5	2431	2232	581.745	8.27135
ENSMUST00000047936.12	2882	2683	3311.83	39.1728
ENSMUST00000059206.7	1863	1664	2646.77	50.4778
ENSMUST00000088779.4	1195	996	1642.34	52.3288
ENSMUST00000097558.4	1534	1335	2103.48	50.0029
ENSMUST00000090219.12	4642	4443	870.246	6.21589
ENSMUST00000091201.6	3364	3165	681.379	6.83208
ENSMUST00000072916.4	732	533	515	30.6632
ENSMUST00000075941.11	6786	6587	2744.14	13.2208
ENSMUST00000079158.12	5811	5612	1847.85	10.4493
ENSMUST00000080751.8	5917	5718	958.857	5.32166
ENSMUST00000093271.7	3574	3375	4559.5	42.8727
ENSMUST00000092143.11	3843	3644	535.999	4.66792
ENSMUST00000094014.9	2130	1931	2062.57	33.8973
ENSMUST00000087559.7	1191	992	2727.31	87.2491
ENSMUST00000075447.13	2735	2536	4363.6	54.6051
ENSMUST00000091237.11	7443	7244	3984.48	17.4555
ENSMUST00000093962.4	3740	3541	1010.02	9.05196
ENSMUST00000073691.4	4243	4044	2683.94	21.062
ENSMUST00000089510.4	4886	4687	1199.73	8.12318
ENSMUST00000091579.5	1523	1324	2590	62.0797
ENSMUST00000080431.7	3218	3019	966.469	10.1593
ENSMUST00000079041.6	3489	3290	1281.24	12.3587
ENSMUST00000090269.6	1473	1274	99.3557	2.47492
ENSMUST00000090602.5	714	515	336.612	20.7424
ENSMUST00000090933.4	11268	11069	1913.91	5.48719
ENSMUST00000080353.2	2812	2613	1237.11	15.0247
ENSMUST00000094434.12	968	769	95072.9	3923.45
ENSMUST00000096766.11	5441	5242	2294.34	13.8898
ENSMUST00000090070.5	1804	1605	266	5.2595
ENSMUST00000084882.8	1439	1240	5085.01	130.139
ENSMUST00000091288.12	2184	1985	1381	22.0786
ENSMUST00000086421.8	2772	2573	1210.27	14.9273
ENSMUST00000085684.10	5343	5144	2134.16	13.1663
ENSMUST00000081133.4	1040	841	1022	38.5649
ENSMUST00000097216.4	1948	1749	1576.17	28.5989
ENSMUST00000085553.12	3469	3270	537.574	5.21709
ENSMUST00000079252.12	5447	5248	3100.52	18.749
ENSMUST00000091282.4	3662	3463	670.403	6.14357
ENSMUST00000076224.11	4240	4041	2425.16	19.0454
ENSMUST00000088086.3	3927	3728	768.428	6.54132
ENSMUST00000075418.14	2483	2284	575.344	7.99409
ENSMUST00000074989.6	5339	5140	1688.66	10.426
ENSMUST00000086075.12	2521	2322	29820.4	407.557
ENSMUST00000075012.7	6218	6019	5622.29	29.6433
ENSMUST00000079857.8	3004	2805	730.389	8.2634
ENSMUST00000089549.7	916	717	337.32	14.93
ENSMUST00000094300.3	1944	1745	636.238	11.5708
ENSMUST00000094469.4	707	508	609.242	38.0596
ENSMUST00000073945.5	650	451	85.8503	6.04092
ENSMUST00000094398.12	4616	4417	792.32	5.6926
ENSMUST00000081525.3	2351	2152	443.74	6.54371
ENSMUST00000086851.1	1335	1136	452.966	12.6539
ENSMUST00000088778.4	1232	1033	1626.06	49.9544
ENSMUST00000079791.10	4789	4590	3080.14	21.2959
ENSMUST00000096453.11	920	721	1484.76	65.3521
ENSMUST00000085941.11	740	541	489.09	28.6899
ENSMUST00000092984.5	7759	7560	3629.35	15.2351
ENSMUST00000082424.10	2013	1814	433.667	7.58676
ENSMUST00000091565.4	2663	2464	451.293	5.8124
ENSMUST00000096385.10	5268	5069	1939.87	12.1447
ENSMUST00000086046.9	2112	1913	1389.91	23.0574
ENSMUST00000079282.7	4255	4056	793.436	6.208
ENSMUST00000091967.12	2091	1892	844.424	14.1637
ENSMUST00000081232.8	4298	4099	1417	10.9706
ENSMUST00000097837.10	3168	2969	1856.27	19.8413
ENSMUST00000092279.6	3817	3618	1109.79	9.73444
ENSMUST00000097299.9	1206	1007	514	16.1984
ENSMUST00000097014.6	1803	1604	11193.6	221.464
ENSMUST00000074259.14	1466	1267	256.084	6.41421
ENSMUST00000086430.4	6625	6426	599	2.95817
ENSMUST00000087543.4	1580	1381	441	10.134
ENSMUST00000093019.5	4778	4579	3097.81	21.4695
ENSMUST00000076831.6	1025	826	156.466	6.01144
ENSMUST00000085351.6	2411	2212	526.852	7.5586
ENSMUST00000074501.11	2577	2378	899.652	12.0061
ENSMUST00000089062.7	882	683	37879	1760.01
ENSMUST00000090025.4	1348	1149	257	7.09824
ENSMUST00000087896.10	1255	1056	200.504	6.02556
ENSMUST00000091269.10	6224	6025	1502.84	7.91579
ENSMUST00000082093.6	964	765	650.596	26.9891
ENSMUST00000090071.4	4477	4278	884.498	6.56136
ENSMUST00000081654.12	5063	4864	2097.06	13.6822
ENSMUST00000093321.11	5061	4862	4951.66	32.3201
ENSMUST00000079545.5	3643	3444	1040.36	9.58645
ENSMUST00000088233.12	4423	4224	846.127	6.35696
ENSMUST00000082079.4	872	673	41851.2	1973.47
ENSMUST00000092566.7	5397	5198	736.919	4.49905
ENSMUST00000089651.5	1807	1608	427.869	8.44429
ENSMUST00000092768.6	2607	2408	5057	66.646
ENSMUST00000097275.8	6254	6055	1323.91	6.93877
ENSMUST00000088174.3	3719	3520	1481.75	13.3589
ENSMUST00000095109.4	1452	1253	210	5.3187
ENSMUST00000075523.10	717	518	449.574	27.5429
ENSMUST00000080371.7	4938	4739	2304	15.4289
ENSMUST00000088223.6	1103	904	359.752	12.6291
ENSMUST00000090554.10	2654	2455	1792.21	23.1673
ENSMUST00000074425.12	4300	4101	1007.07	7.79309
ENSMUST00000094452.3	4302	4103	1946.05	15.0519
ENSMUST00000094814.5	1249	1050	874	26.4156
ENSMUST00000094761.10	3492	3293	2055.97	19.8136
ENSMUST00000080595.2	925	726	1650	72.1249
ENSMUST00000089688.5	2596	2397	693.351	9.17958
ENSMUST00000088552.6	1128	929	194.501	6.64423
ENSMUST00000074698.2	1600	1401	785.381	17.7902
ENSMUST00000095998.6	3760	3561	1190	10.605
ENSMUST00000072939.7	6187	5988	8349.93	44.2526
ENSMUST00000094787.7	4176	3977	848.051	6.76713
ENSMUST00000089398.8	4194	3995	1411.02	11.2087
ENSMUST00000085677.8	2725	2526	2249.68	28.2635
ENSMUST00000077303.3	3066	2867	1448.74	16.0362
ENSMUST00000075117.9	4126	3927	2846.8	23.0056
ENSMUST00000092033.3	1481	1282	2934.99	72.6534
ENSMUST00000090027.10	4185	3986	1936.86	15.4205
ENSMUST00000075578.6	4306	4107	2920.5	22.5668
ENSMUST00000087557.11	1765	1566	266.014	5.39077
ENSMUST00000077257.11	4905	4706	9577.49	64.5859
ENSMUST00000080067.12	4179	3980	3555.94	28.3536
ENSMUST00000097228.4	1449	1250	360.207	9.14491
ENSMUST00000097925.8	5865	5666	2440.92	13.6714
ENSMUST00000108987.7	4436	4237	6145.7	46.031
ENSMUST00000105987.8	5484	5285	1183.59	7.10711
ENSMUST00000099858.3	10933	10734	6988.65	20.6619
ENSMUST00000105502.7	6848	6649	963.11	4.59682
ENSMUST00000107076.9	2858	2659	738.694	8.81625
ENSMUST00000108707.2	693	494	42838.6	2751.99
ENSMUST00000109432.3	2273	2074	735.832	11.2592
ENSMUST00000104999.3	2582	2383	330	4.39468
ENSMUST00000102973.3	3832	3633	5141.51	44.912
ENSMUST00000100819.11	1211	1012	548.097	17.1876
ENSMUST00000099356.9	4101	3902	3378.46	27.477
ENSMUST00000106367.7	736	537	109.164	6.45125
ENSMUST00000106957.7	943	744	740.996	31.6068
ENSMUST00000100249.9	1467	1268	184.108	4.60776
ENSMUST00000101385.2	1838	1639	230.341	4.45995
ENSMUST00000109087.7	1716	1517	8430.43	176.361
ENSMUST00000102840.4	1696	1497	13620	288.731
ENSMUST00000107029.7	4342	4143	857.989	6.57211
ENSMUST00000106746.7	13147	12948	2376.34	5.82429
ENSMUST00000099139.8	3302	3103	1600.22	16.3657
ENSMUST00000103032.10	3551	3352	4316.72	40.8683
ENSMUST00000107094.1	3189	2990	2275.04	24.1466
ENSMUST00000103164.3	3154	2955	1041.61	11.1863
ENSMUST00000099145.5	3402	3203	2372.54	23.5068
ENSMUST00000101642.9	3693	3494	2205.69	20.0336
ENSMUST00000101285.9	623	424	90.4223	6.76779
ENSMUST00000108597.7	913	714	408.687	18.1648
ENSMUST00000098495.9	4150	3951	1312.84	10.5449
ENSMUST00000099207.4	3073	2874	590	6.51483
ENSMUST00000106259.8	3633	3434	1925.74	17.7966
ENSMUST00000101212.8	1996	1797	10458.1	184.69
ENSMUST00000107432.7	3639	3440	1482.16	13.6734
ENSMUST00000103194.9	1256	1057	9980.39	299.647
ENSMUST00000103122.9	3596	3397	27542.9	257.307
ENSMUST00000102928.4	2295	2096	3286.94	49.7667
ENSMUST00000109085.7	1789	1590	2905.76	57.9963
ENSMUST00000108596.7	664	465	324.345	22.1356
ENSMUST00000106072.8	2812	2613	1022.48	12.418
ENSMUST00000105363.7	988	789	218.714	8.79707
ENSMUST00000099556.1	855	656	213	10.3042
ENSMUST00000102903.7	6650	6451	3386.5	16.6595
ENSMUST00000106787.7	959	760	1797.11	75.0409
ENSMUST00000102578.10	3717	3518	11361.6	102.49
ENSMUST00000098266.8	7132	6933	2705.1	12.3823
ENSMUST00000099106.9	603	404	126.736	9.95532
ENSMUST00000107684.1	596	397	3091.97	247.162
ENSMUST00000103077.1	3023	2824	527.358	5.92623
ENSMUST00000099967.9	3528	3329	464.295	4.42607
ENSMUST00000109203.8	1525	1326	1283.64	30.7211
ENSMUST00000109428.8	2947	2748	946.495	10.9305
ENSMUST00000106986.8	1286	1087	224.129	6.54344
ENSMUST00000105870.7	3180	2981	803.812	8.55717
ENSMUST00000108883.9	2489	2290	1711.96	23.7244
ENSMUST00000099546.5	2090	1891	625.547	10.498
ENSMUST00000105283.8	5648	5449	4512.67	26.2817
ENSMUST00000106150.2	1144	945	145.767	4.89514
ENSMUST00000107409.4	2008	1809	1879.06	32.964
ENSMUST00000107084.7	1484	1285	270.206	6.67312
ENSMUST00000101151.9	6490	6291	3722.89	18.7801
ENSMUST00000107542.1	2051	1852	554.998	9.51016
ENSMUST00000098250.9	4316	4117	1973.25	15.2103
ENSMUST00000102817.4	1420	1221	297	7.71931
ENSMUST00000099349.9	3413	3214	498.832	4.92545
ENSMUST00000102518.9	4816	4617	1048.7	7.20821
ENSMUST00000101217.3	811	612	192	9.95606
ENSMUST00000106061.8	4426	4227	1960.42	14.7182
ENSMUST00000109252.7	5757	5558	1067.17	6.09328
ENSMUST00000108491.7	3261	3062	1202.14	12.4591
ENSMUST00000102954.9	870	671	4363	206.348
ENSMUST00000108485.8	4520	4321	1452.95	10.671
ENSMUST00000103209.9	3438	3239	1803.82	17.6734
ENSMUST00000102550.9	2025	1826	324.986	5.64808
ENSMUST00000102995.8	5155	4956	1781.39	11.4068
ENSMUST00000108858.7	2115	1916	20351.3	337.081
ENSMUST00000109344.8	429	230	312.74	43.1513
ENSMUST00000109566.8	1595	1396	2065.03	46.9439
ENSMUST00000102993.9	4657	4458	6625.11	47.1619
ENSMUST00000099513.7	3195	2996	1019	10.7937
ENSMUST00000107985.9	3205	3006	986.793	10.4178
ENSMUST00000102553.10	1265	1066	10078.3	300.033
ENSMUST00000102727.2	2471	2272	1628.67	22.749
ENSMUST00000099805.2	857	658	134922	6507.21
ENSMUST00000102854.9	2160	1961	404.145	6.54029
ENSMUST00000107030.8	2104	1905	617.631	10.289
ENSMUST00000102672.4	2475	2276	2236	31.1772
ENSMUST00000108357.7	782	583	363.106	19.7652
ENSMUST00000108076.2	732	533	1003.32	59.7377
ENSMUST00000103208.1	3620	3421	720.368	6.6825
ENSMUST00000105967.7	1395	1196	852.996	22.6336
ENSMUST00000107444.7	1247	1048	2786.15	84.3685
ENSMUST00000107773.2	3158	2959	442.856	4.74958
ENSMUST00000108311.8	3864	3665	911.435	7.89204
ENSMUST00000108075.8	7053	6854	2386.44	11.0495
ENSMUST00000106981.7	960	761	1369.14	57.0956
ENSMUST00000102795.3	2088	1889	1921.52	32.2813
ENSMUST00000106923.1	1321	1122	776.769	21.9703
ENSMUST00000107426.7	2238	2039	434.129	6.75677
ENSMUST00000105993.3	1202	1003	1696.84	53.6881
ENSMUST00000109110.3	849	650	432.8	21.1306
ENSMUST00000109526.1	1213	1014	121.701	3.80885
ENSMUST00000108872.8	5264	5065	1867.92	11.7035
ENSMUST00000103179.9	5753	5554	4227.58	24.1559
ENSMUST00000098604.11	1384	1185	293.091	7.84914
ENSMUST00000099571.9	2052	1853	1866.76	31.9707
ENSMUST00000100219.4	2104	1905	1616	26.9206
ENSMUST00000102519.4	1505	1306	419.789	10.2006
ENSMUST00000108200.1	3604	3405	814.106	7.58755
ENSMUST00000105716.8	4241	4042	4019.41	31.5576
ENSMUST00000107482.9	2902	2703	437.957	5.1419
ENSMUST00000112464.7	3366	3167	3318.92	33.2573
ENSMUST00000114763.2	3789	3590	1076	9.51164
ENSMUST00000113822.2	2918	2719	392.589	4.58213
ENSMUST00000114338.8	4007	3808	1711.41	14.2625
ENSMUST00000113567.8	5679	5480	2019.88	11.6972
ENSMUST00000110815.8	2554	2355	675.192	9.09859
ENSMUST00000115642.7	4069	3870	3601.94	29.5368
ENSMUST00000111722.7	1232	1033	18996.7	583.599
ENSMUST00000113523.8	3284	3085	2192.97	22.5587
ENSMUST00000112247.8	2479	2280	445.087	6.19509
ENSMUST00000113026.1	2750	2551	8727.15	108.567
ENSMUST00000114874.4	1431	1232	501	12.9052
ENSMUST00000113821.7	6803	6604	1106.59	5.31763
ENSMUST00000112748.7	1456	1257	64.6459	1.63209
ENSMUST00000115239.9	1845	1646	244.246	4.70907
ENSMUST00000113975.2	10913	10714	2518.07	7.45853
ENSMUST00000117551.3	4404	4205	1056.58	7.97395
ENSMUST00000110118.7	881	682	137.667	6.40596
ENSMUST00000113052.7	8043	7844	49441.6	200.029
ENSMUST00000117217.7	3549	3350	1809.22	17.1389
ENSMUST00000114143.9	1899	1700	445.366	8.31392
ENSMUST00000113495.8	2512	2313	519	7.12081
ENSMUST00000111309.7	771	572	437.842	24.2917
ENSMUST00000117193.7	2291	2092	498.894	7.56806
ENSMUST00000112173.7	3819	3620	3527.48	30.9238
ENSMUST00000113066.8	1692	1493	414.975	8.82064
ENSMUST00000110347.8	3496	3297	981.199	9.44443
ENSMUST00000110835.2	3888	3689	772.435	6.64493
ENSMUST00000115830.7	2496	2297	3595.09	49.6691
ENSMUST00000117786.7	2694	2495	3475.61	44.2077
ENSMUST00000109921.8	2378	2179	538.439	7.84182
ENSMUST00000110594.3	842	643	48654.2	2401.3
ENSMUST00000112350.7	1723	1524	3054	63.5948
ENSMUST00000113811.7	930	731	325.963	14.151
ENSMUST00000115637.7	2778	2579	2779.92	34.2073
ENSMUST00000114735.8	1614	1415	902.658	20.2444
ENSMUST00000110778.1	1959	1760	1557.25	28.0792
ENSMUST00000111266.7	2703	2504	827.102	10.4824
ENSMUST00000115056.1	3495	3296	1033.69	9.95266
ENSMUST00000115979.8	3536	3337	3303.97	31.4208
ENSMUST00000111999.7	2026	1827	934.337	16.2294
ENSMUST00000114294.7	2178	1979	1406.42	22.5532
ENSMUST00000110029.8	2939	2740	1818.94	21.0672
ENSMUST00000114752.2	3148	2949	3312.26	35.6441
ENSMUST00000109950.4	1024	825	28590.3	1099.77
ENSMUST00000109845.7	2001	1802	3561.6	62.7231
ENSMUST00000116341.3	4438	4239	2734.41	20.471
ENSMUST00000117085.1	2238	2039	1490.89	23.2042
ENSMUST00000116279.9	1969	1770	2107.66	37.789
ENSMUST00000112059.9	1910	1711	723.487	13.4189
ENSMUST00000113926.7	6762	6563	2719.29	13.1489
ENSMUST00000113896.7	1032	833	1021.91	38.9318
ENSMUST00000111564.7	5609	5410	2134.05	12.5183
ENSMUST00000113610.2	420	221	315.653	45.3269
ENSMUST00000114590.7	2228	2029	1391.89	21.7701
ENSMUST00000114875.7	4649	4450	3089.05	22.0294
ENSMUST00000114712.7	2168	1969	767.706	12.3733
ENSMUST00000111432.9	2163	1964	2540.32	41.0473
ENSMUST00000113306.3	2582	2383	5219.73	69.5123
ENSMUST00000113585.8	3676	3477	4356.18	39.7593
ENSMUST00000110335.9	852	653	669.146	32.5196
ENSMUST00000115869.3	4981	4782	588.713	3.90689
ENSMUST00000109784.1	5610	5411	941.885	5.52406
ENSMUST00000114876.8	2243	2044	2048.49	31.8047
ENSMUST00000114975.7	2205	2006	400.91	6.3424
ENSMUST00000117373.7	3121	2922	2061.42	22.3884
ENSMUST00000112349.8	1728	1529	2106.01	43.711
ENSMUST00000111024.9	3572	3373	1619.74	15.2393
ENSMUST00000113717.7	7958	7759	1096.92	4.48649
ENSMUST00000112685.7	3240	3041	1124	11.7297
ENSMUST00000112621.1	2338	2139	502.392	7.45365
ENSMUST00000117146.8	2181	1982	687.287	11.0045
ENSMUST00000114449.6	2193	1994	8944.75	142.358
ENSMUST00000114144.8	3880	3681	1280.04	11.0356
ENSMUST00000115366.2	6520	6321	1938.99	9.7348
ENSMUST00000110410.9	2070	1871	422.604	7.168
ENSMUST00000113028.1	3950	3751	842	7.12365
ENSMUST00000115049.8	3924	3725	2333.51	19.8802
ENSMUST00000109842.8	1129	930	166.371	5.67718
ENSMUST00000112640.7	2752	2553	3187.82	39.6261
ENSMUST00000113735.2	3692	3493	506.583	4.60246
ENSMUST00000115579.7	1696	1497	1219.94	25.8616
ENSMUST00000115638.9	3116	2917	248.736	2.70608
ENSMUST00000109844.10	1703	1504	2510.88	52.9805
ENSMUST00000114325.7	1587	1388	670.272	15.325
ENSMUST00000109923.8	2940	2741	574.298	6.64914
ENSMUST00000114336.3	2787	2588	527.308	6.46603
ENSMUST00000115166.2	979	780	355.855	14.4783
ENSMUST00000117061.7	4563	4364	2465.2	17.9269
ENSMUST00000115316.8	3064	2865	12874.2	142.604
ENSMUST00000117245.1	4361	4162	1058.67	8.07228
ENSMUST00000120992.7	2233	2034	959.668	14.973
ENSMUST00000118936.7	2843	2644	1042.06	12.5075
ENSMUST00000118842.1	1321	1122	273.755	7.74296
ENSMUST00000122359.7	3667	3468	1912.9	17.5046
ENSMUST00000128260.8	1478	1279	233.988	5.80578
ENSMUST00000122384.8	1167	968	188.262	6.17198
ENSMUST00000126980.7	2449	2250	352.885	4.97723
ENSMUST00000120875.7	4945	4746	723.895	4.84044
ENSMUST00000119628.7	4664	4465	1737.95	12.3524
ENSMUST00000128880.7	2433	2234	455.578	6.47169
ENSMUST00000126204.7	828	629	84.1847	4.24737
ENSMUST00000125302.1	549	350	696.563	63.1582
ENSMUST00000128931.7	663	464	286.765	19.6131
ENSMUST00000117828.8	1962	1763	898.208	16.1682
ENSMUST00000122284.8	2311	2112	906.427	13.62
ENSMUST00000127105.7	388	189	63.2876	10.6266
ENSMUST00000124533.2	1792	1593	1796.61	35.7912
ENSMUST00000123854.1	601	402	152.398	12.0307
ENSMUST00000121927.7	7868	7669	2526.71	10.4557
ENSMUST00000122044.7	3174	2975	643.699	6.86647
ENSMUST00000123990.1	520	321	176.308	17.4303
ENSMUST00000119430.2	6801	6602	2857.52	13.7357
ENSMUST00000120441.7	3777	3578	773.597	6.86139
ENSMUST00000119344.7	1879	1680	556.336	10.5091
ENSMUST00000127305.1	3884	3685	4607.22	39.6771
ENSMUST00000120618.5	1480	1281	442.112	10.9527
ENSMUST00000126540.7	971	772	8969.38	368.708
ENSMUST00000122865.1	2330	2131	465.488	6.93207
ENSMUST00000126534.7	3988	3789	681.61	5.70885
ENSMUST00000128944.7	3705	3506	1700.07	15.3884
ENSMUST00000123791.7	6190	5991	1052.45	5.57495
ENSMUST00000120306.7	3972	3773	1182.72	9.9479
ENSMUST00000118703.7	2554	2355	1300.06	17.5191
ENSMUST00000124790.7	945	746	732.133	31.145
ENSMUST00000125053.7	5672	5473	3642.26	21.1195
ENSMUST00000123325.8	7466	7267	2520.83	11.0084
ENSMUST00000117890.7	1641	1442	734.42	16.1628
ENSMUST00000120878.8	1806	1607	1105.15	21.8244
ENSMUST00000117836.7	1099	900	415.039	14.6347
ENSMUST00000120331.3	845	646	376.422	18.4918
ENSMUST00000118800.7	3531	3332	4428.29	42.1763
ENSMUST00000121565.7	2997	2798	2089.31	23.697
ENSMUST00000121799.7	5816	5617	3220.38	18.1945
ENSMUST00000120564.1	991	792	298.962	11.9792
ENSMUST00000120356.7	1520	1321	258.937	6.22055
ENSMUST00000119475.5	1357	1158	238.531	6.53694
ENSMUST00000124665.2	2665	2466	470.537	6.05534
ENSMUST00000121646.7	5260	5061	4894.46	30.6907
ENSMUST00000133617.2	1902	1703	253.493	4.72377
ENSMUST00000137356.8	757	558	246.818	14.0372
ENSMUST00000133997.3	1452	1253	3070.66	77.7711
ENSMUST00000135579.7	3654	3455	1769.53	16.2535
ENSMUST00000138035.7	642	443	72.3407	5.18223
ENSMUST00000138166.7	8743	8544	7243.72	26.9053
ENSMUST00000138950.7	4998	4799	777.35	5.14048
ENSMUST00000132252.1	1252	1053	535.45	16.1372
ENSMUST00000130811.1	367	168	211.597	39.9703
ENSMUST00000132661.1	2361	2162	360.471	5.29117
ENSMUST00000135961.1	5510	5311	1030.59	6.15809
ENSMUST00000129680.7	1178	979	133.475	4.32669
ENSMUST00000129862.1	600	401	103.112	8.16023
ENSMUST00000132815.2	1005	806	284.69	11.2092
ENSMUST00000130817.2	437	238	363.794	48.5083
ENSMUST00000134191.2	867	668	150.876	7.16773
ENSMUST00000138981.7	2212	2013	1318.71	20.7895
ENSMUST00000134450.1	471	272	25.1553	2.93493
ENSMUST00000130602.1	3475	3276	1241.29	12.0245
ENSMUST00000138890.2	1285	1086	463.444	13.5427
ENSMUST00000130765.1	753	554	111.567	6.39095
ENSMUST00000134145.7	641	442	72.1834	5.18266
ENSMUST00000138927.1	1743	1544	309.585	6.36312
ENSMUST00000132974.7	5528	5329	1450.65	8.63884
ENSMUST00000148188.8	1086	887	626.748	22.4237
ENSMUST00000139954.8	2586	2387	1707.17	22.6966
ENSMUST00000140327.7	587	388	67	5.48
ENSMUST00000145943.7	1383	1184	1115.99	29.9121
ENSMUST00000143380.2	2142	1943	2393.05	39.0857
ENSMUST00000146409.7	7814	7615	2328.31	9.70306
ENSMUST00000147744.1	2307	2108	432.876	6.51674
ENSMUST00000146054.7	707	508	77.7344	4.8561
ENSMUST00000144013.1	640	441	144.67	10.4106
ENSMUST00000139306.1	720	521	182.902	11.1409
ENSMUST00000143771.1	2974	2775	653.087	7.46871
ENSMUST00000146497.8	3808	3609	2083.16	18.3178
ENSMUST00000148640.7	607	408	1734.84	134.939
ENSMUST00000140770.1	3535	3336	664.361	6.31998
ENSMUST00000143405.1	2034	1835	267.89	4.63296
ENSMUST00000144258.7	2995	2796	712.049	8.08184
ENSMUST00000143400.7	2226	2027	575.206	9.0055
ENSMUST00000148390.2	5496	5297	2909.92	17.4337
ENSMUST00000142822.3	975	776	25.8667	1.05783
ENSMUST00000148314.2	1240	1041	189.329	5.77171
ENSMUST00000143359.7	604	405	170.404	13.3525
ENSMUST00000141840.1	309	110.015	15.7482	4.54271
ENSMUST00000147342.7	1892	1693	386.32	7.24148
ENSMUST00000139640.1	860	661	286.352	13.7479
ENSMUST00000146623.7	4391	4192	1560	11.8098
ENSMUST00000146782.1	1607	1408	1386.54	31.2513
ENSMUST00000143258.1	655	456	115.246	8.02044
ENSMUST00000145569.1	579	380	25641	2141.36
ENSMUST00000144808.1	741	542	101.441	5.93953
ENSMUST00000155084.7	4131	3932	3322.83	26.8184
ENSMUST00000154196.1	926	727	111.239	4.85577
ENSMUST00000159405.2	3880	3681	1773.64	15.2911
ENSMUST00000155278.1	5281	5082	1265.21	7.90068
ENSMUST00000151477.7	6487	6288	932.597	4.70673
ENSMUST00000159531.2	939	740	1545.46	66.2772
ENSMUST00000149978.1	3053	2854	678	7.53899
ENSMUST00000159772.7	2570	2371	645.855	8.64453
ENSMUST00000152067.7	2075	1876	511.83	8.65826
ENSMUST00000155707.2	718	519	453.243	27.7141
ENSMUST00000149261.7	755	556	1985.42	113.322
ENSMUST00000156862.2	2585	2386	2956.18	39.3187
ENSMUST00000157040.7	2383	2184	2862.26	41.5905
ENSMUST00000153287.7	743	544	238.915	13.9374
ENSMUST00000149357.7	794	595	122.069	6.51066
ENSMUST00000159345.7	1629	1430	479.02	10.6305
ENSMUST00000150184.1	404	205	105.125	16.2739
ENSMUST00000149604.4	2026	1827	5483.87	95.2546
ENSMUST00000150412.3	5163	4964	968.097	6.18906
ENSMUST00000149359.1	8295	8096	2446.4	9.58948
ENSMUST00000153640.2	599	400	456.611	36.2263
ENSMUST00000159348.2	4989	4790	883.21	5.85149
ENSMUST00000159619.7	2088	1889	328.82	5.52413
ENSMUST00000159976.7	7236	7037	1425.94	6.43062
ENSMUST00000152809.2	723	524	320.897	19.4344
ENSMUST00000159096.7	864	665	727.651	34.7247
ENSMUST00000156068.2	1494	1295	70.2152	1.72068
ENSMUST00000159388.7	3207	3008	473.342	4.99385
ENSMUST00000155283.1	556	357	61.6436	5.47971
ENSMUST00000151451.2	934	735	375.673	16.2204
ENSMUST00000153337.1	1513	1314	345.729	8.34983
ENSMUST00000149975.8	3094	2895	545.274	5.97729
ENSMUST00000149983.3	1088	889	1459.22	52.0901
ENSMUST00000150440.7	1365	1166	441.738	12.0227
ENSMUST00000152247.7	9342	9143	6145.93	21.3322
ENSMUST00000151144.1	623	424	274.089	20.5146
ENSMUST00000154518.1	640	441	117.612	8.46354
ENSMUST00000151289.8	3262	3063	1035.39	10.7274
ENSMUST00000152362.6	1579	1380	287.985	6.6226
ENSMUST00000162251.7	1540	1341	346.178	8.19234
ENSMUST00000161553.1	6387	6188	2725.42	13.9772
ENSMUST00000164756.3	1691	1492	1464.88	31.158
ENSMUST00000166101.1	8084	7885	2399.58	9.65764
ENSMUST00000162624.7	781	582	714.237	38.9455
ENSMUST00000168093.8	3251	3052	690.589	7.1808
ENSMUST00000165052.7	4730	4531	3956.72	27.7127
ENSMUST00000165536.7	5221	5022	592.668	3.74518
ENSMUST00000162342.7	2876	2677	1856.51	22.0083
ENSMUST00000169543.7	778	579	203.896	11.1755
ENSMUST00000163011.1	762	563	318.968	17.9794
ENSMUST00000164582.3	1735	1536	711.175	14.6934
ENSMUST00000168479.2	7511	7312	1093	4.74375
ENSMUST00000162834.2	1982	1783	14681.4	261.309
ENSMUST00000165563.7	2442	2243	1374.17	19.4423
ENSMUST00000162409.7	5198	4999	1783.35	11.3212
ENSMUST00000168015.7	3460	3261	2036.2	19.8156
ENSMUST00000163085.7	1132	933	709.451	24.1312
ENSMUST00000168142.7	745	546	31.4921	1.8304
ENSMUST00000165887.7	2063	1864	605.208	10.3038
ENSMUST00000169623.7	2474	2275	986.488	13.7609
ENSMUST00000163763.1	868	669	176.316	8.36378
ENSMUST00000163949.8	2561	2362	6926.45	93.0612
ENSMUST00000169437.8	2274	2075	1680.15	25.6961
ENSMUST00000165205.1	3817	3618	1122.44	9.84539
ENSMUST00000170036.7	5127	4928	1068.69	6.88208
ENSMUST00000167271.8	595	396	226.598	18.1593
ENSMUST00000163242.2	1937	1738	22416	409.304
ENSMUST00000167479.7	2871	2672	2349.15	27.9005
ENSMUST00000165032.8	1977	1778	470.183	8.39214
ENSMUST00000161807.7	962	763	723.332	30.085
ENSMUST00000168890.1	2185	1986	436.108	6.96872
ENSMUST00000163382.1	621	422	59.2086	4.45256
ENSMUST00000166678.1	6662	6463	5995.59	29.4398
ENSMUST00000167513.2	1778	1579	736.815	14.8086
ENSMUST00000165470.8	6007	5808	4303.83	23.5162
ENSMUST00000167662.7	2754	2555	359.605	4.46656
ENSMUST00000167316.7	4104	3905	4160.51	33.8114
ENSMUST00000168651.5	4170	3971	1644.69	13.1438
ENSMUST00000165485.7	1557	1358	184.527	4.31219
ENSMUST00000161640.7	923	724	735.289	32.2298
ENSMUST00000167549.1	4470	4271	2003.57	14.8872
ENSMUST00000169308.7	1026	827	478.731	18.3706
ENSMUST00000164826.7	4726	4527	1215	8.51733
ENSMUST00000171359.1	342	143	93.9517	20.85
ENSMUST00000176636.4	2522	2323	824.068	11.2577
ENSMUST00000180716.7	3882	3683	757.419	6.52638
ENSMUST00000180200.7	3842	3643	623.317	5.42985
ENSMUST00000174616.7	2094	1895	1952.4	32.6963
ENSMUST00000180884.7	1028	829	630.431	24.1335
ENSMUST00000171770.9	2765	2566	1362.52	16.8509
ENSMUST00000178087.2	2694	2495	2073.53	26.374
ENSMUST00000179928.1	597	398	189.326	15.0961
ENSMUST00000178522.2	3314	3115	1453.47	14.8076
ENSMUST00000171460.7	1719	1520	1850.22	38.6294
ENSMUST00000173284.1	943	744	549.086	23.421
ENSMUST00000173812.1	483	284	91.9032	10.2695
ENSMUST00000181504.1	2415	2216	317	4.5397
ENSMUST00000173393.7	2071	1872	487.189	8.25904
ENSMUST00000180140.7	693	494	350.18	22.4958
ENSMUST00000177371.7	6164	5965	1054.23	5.6087
ENSMUST00000173328.7	1990	1791	2479.17	43.9288
ENSMUST00000173091.1	501	302	85.2859	8.96206
ENSMUST00000175900.1	748	549	399.877	23.1149
ENSMUST00000170643.3	2422	2223	442.034	6.31036
ENSMUST00000172818.7	4740	4541	2511.48	17.5516
ENSMUST00000170794.7	2446	2247	1201.41	16.9678
ENSMUST00000170847.1	1539	1340	13801.4	326.855
ENSMUST00000171385.7	3884	3685	822.991	7.08754
ENSMUST00000179863.7	1097	898	172.637	6.10092
ENSMUST00000171644.7	2125	1926	596.365	9.82639
ENSMUST00000170757.2	6556	6357	1362.94	6.80398
ENSMUST00000172864.7	1858	1659	388.171	7.4253
ENSMUST00000181779.1	1702	1503	534.336	11.2822
ENSMUST00000174459.1	2180	1981	330.167	5.28916
ENSMUST00000173014.1	2030	1831	5155.79	89.3603
ENSMUST00000177801.1	1092	893	208.43	7.40706
ENSMUST00000181334.1	368	169	237.527	44.603
ENSMUST00000176551.2	6567	6368	199190	992.666
ENSMUST00000188495.7	3693	3494	919.983	8.35593
ENSMUST00000185707.1	682	483	234.407	15.4014
ENSMUST00000192509.5	3918	3719	1104.47	9.42465
ENSMUST00000185482.6	919	720	486.608	21.4479
ENSMUST00000188894.6	8043	7844	13742.4	55.5984
ENSMUST00000191011.6	2712	2513	1236.58	15.6159
ENSMUST00000188931.6	3066	2867	638.219	7.06447
ENSMUST00000193675.1	1777	1578	1906.49	38.3412
ENSMUST00000185641.6	731	532	2456.69	146.547
ENSMUST00000192967.1	687	488	91.688	5.96253
ENSMUST00000191471.6	4453	4254	872.131	6.50612
ENSMUST00000188414.3	3121	2922	1793.53	19.479
ENSMUST00000190736.6	607	408	498.483	38.7729
ENSMUST00000188580.2	2601	2402	485.906	6.41973
ENSMUST00000186917.6	4820	4621	1653.11	11.3528
ENSMUST00000187691.6	2813	2614	1188.87	14.4334
ENSMUST00000188317.1	1204	1005	1128.24	35.6266
ENSMUST00000187627.1	1190	991	292.11	9.35428
ENSMUST00000194632.1	2433	2234	1476.8	20.9785
ENSMUST00000184973.7	3589	3390	965.545	9.03879
ENSMUST00000188593.1	1205	1006	482.637	15.2251
ENSMUST00000184914.1	2212	2013	571.698	9.01281
ENSMUST00000185072.7	3589	3390	965.545	9.03879
ENSMUST00000194542.5	3151	2952	1065.82	11.4579
ENSMUST00000193254.5	2518	2319	1191.53	16.3058
ENSMUST00000186014.1	1559	1360	250.847	5.85339
ENSMUST00000190186.6	4492	4293	2563.62	18.9509
ENSMUST00000184652.1	3017	2818	2679.55	30.1758
ENSMUST00000188702.1	564	365	135.18	11.7532
ENSMUST00000193074.5	1971	1772	903.41	16.1793
ENSMUST00000197135.4	1242	1043	659.183	20.0567
ENSMUST00000199089.4	509	310	105.608	10.8112
ENSMUST00000197746.1	1649	1450	449.895	9.84648
ENSMUST00000203493.1	1035	836	514.153	19.5175
ENSMUST00000206893.1	3449	3250	9220.41	90.0335
ENSMUST00000207152.1	846	647	149.625	7.339
ENSMUST00000197489.4	1018	819	327.458	12.6885
ENSMUST00000196069.4	1150	951	415.046	13.8501
ENSMUST00000207918.1	5804	5605	1568.05	8.87815
ENSMUST00000204591.2	6641	6442	1567.4	7.72143
ENSMUST00000198965.4	3536	3337	770.337	7.32592
ENSMUST00000205391.1	2161	1962	406.226	6.57062
ENSMUST00000200082.4	3439	3240	3273.3	32.0611
ENSMUST00000207989.1	592	393	100.159	8.08793
ENSMUST00000207395.1	2934	2735	694.642	8.06012
ENSMUST00000203732.2	1826	1627	1945.87	37.9546
ENSMUST00000198990.1	783	584	388.322	21.1017
ENSMUST00000208119.1	2173	1974	3107.77	49.9619
ENSMUST00000197259.4	3553	3354	595.351	5.6331
ENSMUST00000207282.1	3464	3265	2030.42	19.7351
ENSMUST00000207416.1	657	458	768.092	53.2213
ENSMUST00000204267.2	795	596	507.939	27.046
ENSMUST00000198914.1	3758	3559	2179.83	19.4371
ENSMUST00000202158.3	399	200	56.1002	8.90168
ENSMUST00000196015.4	772	573	969.141	53.6748
ENSMUST00000207594.1	2245	2046	608.204	9.43368
ENSMUST00000207748.1	1116	917	793.433	27.4586
ENSMUST00000207849.1	2128	1929	12083.8	198.796
ENSMUST00000212468.1	638	439	932.431	67.4047
ENSMUST00000217371.1	3183	2984	529.67	5.63306
ENSMUST00000219850.1	1482	1283	1066.77	26.3865
ENSMUST00000212569.1	1953	1754	1293.6	23.4049
ENSMUST00000211683.1	572	373	223.966	19.0551
ENSMUST00000219037.1	1383	1184	201.301	5.3955
ENSMUST00000214354.1	4417	4218	3563.4	26.81
ENSMUST00000215822.1	3134	2935	540.131	5.84021
ENSMUST00000209735.1	6487	6288	12479.1	62.9807
ENSMUST00000219375.1	2474	2275	186.604	2.60302
ENSMUST00000212095.1	1257	1058	993.697	29.8062
ENSMUST00000219506.1	897	698	938.996	42.692
ENSMUST00000215509.1	369	170	31.0484	5.796
ENSMUST00000213683.1	1107	908	403.715	14.11
ENSMUST00000213254.1	1961	1762	917.173	16.519
ENSMUST00000209437.1	435	236	195.317	26.2643
ENSMUST00000219188.1	415	216	208.781	30.6743
ENSMUST00000219479.1	2901	2702	671.451	7.88617
ENSMUST00000218407.1	675	476	67.3529	4.49042
ENSMUST00000218183.1	6771	6572	1007.61	4.86556
ENSMUST00000209928.1	408	209	229.763	34.8877
ENSMUST00000210741.1	662	463	295.859	20.2788
ENSMUST00000216209.1	739	540	134.612	7.91091
ENSMUST00000217641.1	3462	3263	3333.42	32.4198
ENSMUST00000218127.1	691	492	1837.28	118.508
ENSMUST00000212590.1	3376	3177	1440.83	14.3924
ENSMUST00000210565.1	633	434	3547.59	259.407
ENSMUST00000215746.1	3175	2976	1373.34	14.6448
ENSMUST00000212096.1	664	465	1080.49	73.7402
ENSMUST00000223268.1	3339	3140	391.553	3.9573
ENSMUST00000222284.1	1064	865	166.449	6.10663
ENSMUST00000220628.1	3634	3435	575.28	5.31484
ENSMUST00000222634.1	2774	2575	521.188	6.42324
ENSMUST00000224918.1	1001	802	297.573	11.7749
ENSMUST00000220558.1	467	268	23066.9	2731.44
ENSMUST00000226208.2	3039	2840	1662.15	18.5733
ENSMUST00000224769.1	1102	903	202.685	7.12314
ENSMUST00000224224.1	1421	1222	5807.83	150.827
ENSMUST00000221612.1	596	397	899.805	71.9276
ENSMUST00000222897.1	2665	2466	3972.74	51.1251
ENSMUST00000224503.1	8865	8666	2797.77	10.2454
ENSMUST00000227096.1	1848	1649	2885.37	55.5288
ENSMUST00000230177.1	1680	1481	3371.41	72.2427
ENSMUST00000222435.1	938	739	430.321	18.4793
ENSMUST00000230086.1	1963	1764	6408.5	115.291
ENSMUST00000225089.1	698	499	1976.04	125.671
ENSMUST00000228850.1	4738	4539	7399.79	51.7365
ENSMUST00000223978.1	991	792	150.827	6.04355
ENSMUST00000228768.1	1578	1379	263.646	6.0673
ENSMUST00000224248.1	2775	2576	575.147	7.0855
ENSMUST00000224679.1	1269	1070	662.191	19.6398
ENSMUST00000222139.1	669	470	64027	4323.18
ENSMUST00000225936.1	849	650	4257.85	207.881
ENSMUST00000223093.1	2351	2152	555.975	8.1988
ENSMUST00000221459.1	2807	2608	2691.34	32.7491
ENSMUST00000225275.1	642	443	14395.6	1031.25
ENSMUST00000224328.1	450	251	40.6979	5.1456
ENSMUST00000230474.1	4637	4438	1691	12.0919
ENSMUST00000232241.1	801	602	346.636	18.2732
ENSMUST00000238983.1	1388	1189	215.884	5.76205
ENSMUST00000231569.1	6373	6174	1197.27	6.15407
ENSMUST00000238267.1	1071	872	8582.14	312.332
ENSMUST00000238680.1	4482	4283	934.879	6.927
ENSMUST00000234304.1	1137	938	147.077	4.97598
ENSMUST00000231681.1	1156	957	212.405	7.04353
ENSMUST00000234505.1	1137	938	234.414	7.93084
ENSMUST00000233004.1	1001	802	1978.71	78.2969
ENSMUST00000238462.1	594	395	3201.62	257.223
ENSMUST00000236139.1	2046	1847	486.913	8.36608
ENSMUST00000234247.1	2589	2390	2296.79	30.4973
ENSMUST00000237880.1	2180	1981	777.136	12.4495
ENSMUST00000238339.1	1442	1243	628.327	16.0418
ENSMUST00000239073.1	1958	1759	5696.94	102.781
ENSMUST00000238137.1	1138	939	420.079	14.1972
ENSMUST00000235160.1	3301	3102	981.964	10.046
ENSMUST00000238991.1	3393	3194	488.966	4.85826
ENSMUST00000235023.1	1285	1086	222.526	6.50262
ENSMUST00000234834.1	4956	4757	683.142	4.55738
ENSMUST00000232165.1	763	564	171.405	9.64456
ENSMUST00000233070.1	562	363	293.921	25.6958
ENSMUST00000236174.1	2403	2204	1025.37	14.7641
ENSMUST00000234717.1	5630	5431	3231.04	18.8799
ENSMUST00000232180.1	7309	7110	1490.02	6.6506
ENSMUST00000238851.1	1281	1082	175.885	5.1587
ENSMUST00000238147.1	826	627	203.583	10.3041
ENSMUST00000238069.1	741	542	136.506	7.99264
ENSMUST00000235915.1	1132	933	256.945	8.73968
ENSMUST00000237891.1	727	528	188.966	11.3576
