"__glayCluster","AverageShortestPathLength","BetweennessCentrality","ClosenessCentrality","ClusteringCoefficient","Degree","Eccentricity","IsSingleNode","name","NeighborhoodConnectivity","NumberOfDirectedEdges","NumberOfUndirectedEdges","PartnerOfMultiEdgedNodePairs","Radiality","selected","SelfLoops","shared name","Stress","TopologicalCoefficient"
"2","3.9834983498349836","0.01099565173618739","0.2510356255178128","0.31868131868131866","14","7","false","Hadh","8.428571428571429","0","14","0","0.9467232437529468","false","0","Hadh","15146","0.271889400921659"
"2","3.887788778877888","0.0","0.25721561969439727","0.0","1","7","false","Mrnip","25.0","0","1","0","0.9484323432343233","false","0","Mrnip","0","0.0"
"2","4.663366336633663","0.0","0.21443736730360935","0.0","1","8","false","Sbno1","7.0","0","1","0","0.9345827439886846","false","0","Sbno1","0","0.0"
"2","4.36963696369637","0.01317946364172841","0.22885196374622357","0.0","3","7","false","Mfsd2b","4.0","0","3","0","0.9398279113625648","false","0","Mfsd2b","5578","0.3333333333333333"
"2","3.122112211221122","0.025064556074908872","0.3202959830866808","0.5164835164835165","14","6","false","Hmgcl","14.642857142857142","0","14","0","0.9621051390853371","false","0","Hmgcl","8658","0.17857142857142858"
"2","3.4092409240924093","0.001130633314962574","0.2933204259438528","0.6373626373626373","14","6","false","Wnt3","15.928571428571429","0","14","0","0.956977840641207","false","0","Wnt3","1466","0.3123249299719888"
"2","3.5313531353135312","0.0","0.28317757009345795","1.0","5","6","false","Wls","20.0","0","5","0","0.9547972654408298","false","0","Wls","0","0.47619047619047616"
"2","3.937293729372937","0.01194043398499916","0.2539815590947192","0.2948717948717949","13","7","false","Acadm","7.538461538461538","0","13","0","0.9475483262611976","false","0","Acadm","12978","0.23557692307692307"
"2","4.4983498349834985","2.4379146876418026E-4","0.2223037417461482","0.5","4","8","false","Tfeb","7.25","0","4","0","0.9375294672324375","false","0","Tfeb","84","0.4264705882352941"
"2","3.6006600660066006","0.004593849000149308","0.2777268560953254","0.6428571428571429","8","7","false","Tubg1","12.375","0","8","0","0.9535596416784536","false","0","Tubg1","2082","0.2475"
"2","5.366336633663367","0.0","0.1863468634686347","0.0","1","8","false","Kcnk15","3.0","0","1","0","0.9220297029702971","false","0","Kcnk15","0","0.0"
"2","4.0594059405940595","7.515081743579778E-6","0.24634146341463414","0.6666666666666666","3","7","false","Oxct1","11.0","0","3","0","0.9453677510608204","false","0","Oxct1","8","0.4782608695652174"
"2","3.386138613861386","0.0","0.2953216374269006","1.0","2","6","false","Taf9b","29.0","0","2","0","0.9573903818953324","false","0","Taf9b","0","0.5178571428571429"
"2","3.8745874587458746","0.0","0.2580919931856899","1.0","2","7","false","Rec8","11.5","0","2","0","0.9486680810938237","false","0","Rec8","0","0.6764705882352942"
"2","3.7095709570957096","0.0043877079038129214","0.2695729537366548","0.3333333333333333","4","7","false","Llgl2","10.5","0","4","0","0.9516148043375766","false","0","Llgl2","1102","0.328125"
"2","3.597359735973597","1.9322630019274174E-4","0.27798165137614683","0.5","4","6","false","Epn3","19.0","0","4","0","0.9536185761433286","false","0","Epn3","130","0.5067567567567568"
"2","3.887788778877888","0.0","0.25721561969439727","0.0","1","7","false","Prr12","25.0","0","1","0","0.9484323432343233","false","0","Prr12","0","0.0"
"2","4.580858085808581","0.005069818927537846","0.21829971181556196","0.0","4","8","false","Mdh1","3.5","0","4","0","0.9360561056105611","false","0","Mdh1","1492","0.25"
"2","3.68976897689769","0.0","0.2710196779964222","1.0","4","6","false","ENSMUSG00000045414","11.75","0","4","0","0.951968411126827","false","0","ENSMUSG00000045414","0","0.34558823529411764"
"2","3.65016501650165","0.003876573641307008","0.2739602169981917","0.5555555555555556","10","7","false","Tubb4a","10.0","0","10","0","0.9526756247053276","false","0","Tubb4a","1986","0.23809523809523808"
"2","4.132013201320132","0.001835328921643968","0.24201277955271566","0.3333333333333333","3","7","false","Lrfn4","10.666666666666666","0","3","0","0.944071192833569","false","0","Lrfn4","1266","0.4492753623188406"
"2","4.128712871287129","0.0","0.2422062350119904","1.0","2","7","false","Pfkfb2","15.0","0","2","0","0.9441301272984441","false","0","Pfkfb2","0","0.8823529411764706"
"2","3.7194719471947195","0.0","0.2688553682342502","1.0","2","6","false","Ap5b1","25.5","0","2","0","0.9514380009429514","false","0","Ap5b1","0","0.796875"
"2","4.148514851485149","0.0013013212344794992","0.24105011933174222","0.0","2","7","false","Fabp7","10.0","0","2","0","0.9437765205091938","false","0","Fabp7","326","0.5"
"2","4.125412541254126","0.0","0.24239999999999998","1.0","3","7","false","Sesn3","11.333333333333334","0","3","0","0.9441890617633192","false","0","Sesn3","0","0.6666666666666666"
"2","4.066006600660066","0.006924626796019104","0.24594155844155843","0.3333333333333333","3","7","false","Grasp","9.666666666666666","0","3","0","0.9452498821310702","false","0","Grasp","1768","0.3888888888888889"
"2","3.557755775577558","0.009943499172399055","0.28107606679035246","0.4727272727272727","11","7","false","Tuba4a","9.818181818181818","0","11","0","0.9543257897218292","false","0","Tuba4a","4338","0.20037105751391465"
"2","4.125412541254126","0.0","0.24239999999999998","1.0","3","7","false","Stradb","11.0","0","3","0","0.9441890617633192","false","0","Stradb","0","0.6470588235294118"
"2","3.5247524752475248","2.1304558711941832E-5","0.2837078651685393","0.6190476190476191","7","6","false","Bambi","18.0","0","7","0","0.95491513437058","false","0","Bambi","20","0.4186046511627907"
"2","3.3036303630363038","0.003289401787860905","0.30269730269730266","0.7619047619047619","7","6","false","Hif3a","17.285714285714285","0","7","0","0.9588637435172088","false","0","Hif3a","2082","0.2700892857142857"
"2","3.68976897689769","0.0","0.2710196779964222","1.0","4","6","false","Sar1a","11.75","0","4","0","0.951968411126827","false","0","Sar1a","0","0.34558823529411764"
"2","3.122112211221122","0.013530585038664061","0.3202959830866808","0.475","16","6","false","Fzd6","17.0","0","16","0","0.9621051390853371","false","0","Fzd6","8454","0.20910493827160495"
"2","3.1947194719471947","0.022295774815373166","0.3130165289256198","0.2564102564102564","13","6","false","Prickle1","14.846153846153847","0","13","0","0.9608085808580858","false","0","Prickle1","12508","0.1801125703564728"
"2","3.3795379537953796","0.02320195058102826","0.2958984375","0.09523809523809523","7","6","false","Smo","10.428571428571429","0","7","0","0.9575082508250825","false","0","Smo","7594","0.19607843137254902"
"2","3.9702970297029703","2.959236320983092E-4","0.2518703241895262","0.0","2","7","false","Csnk1g3","10.0","0","2","0","0.946958981612447","false","0","Csnk1g3","114","0.5294117647058824"
"2","4.927392739273928","0.0","0.202947086403215","0.0","1","8","false","Mob3b","9.0","0","1","0","0.9298679867986799","false","0","Mob3b","0","0.0"
"2","4.603960396039604","0.0","0.21720430107526884","0.0","1","7","false","Pcdh18","8.0","0","1","0","0.9356435643564357","false","0","Pcdh18","0","0.0"
"2","4.075907590759076","0.01520695952864335","0.24534412955465584","0.4","6","7","false","Dab2ip","5.5","0","6","0","0.9450730787364451","false","0","Dab2ip","8452","0.3229166666666667"
"2","4.125412541254126","0.0","0.24239999999999998","1.0","3","7","false","Strada","11.0","0","3","0","0.9441890617633192","false","0","Strada","0","0.6470588235294118"
"2","4.01980198019802","0.0","0.24876847290640394","1.0","5","7","false","Rab22a","10.2","0","5","0","0.9460749646393211","false","0","Rab22a","0","0.37777777777777777"
"2","3.5016501650165015","0.007164404976798036","0.2855796418473139","0.4","6","6","false","Vldlr","14.0","0","6","0","0.9553276756247053","false","0","Vldlr","4680","0.3111111111111111"
"2","3.438943894389439","0.001886132233783409","0.29078694817658346","0.36363636363636365","12","6","false","Fzd7","13.583333333333334","0","12","0","0.9564474304573315","false","0","Fzd7","2210","0.2755102040816326"
"2","4.297029702970297","0.0","0.23271889400921658","1.0","2","7","false","Hif1an","7.0","0","2","0","0.9411244695898161","false","0","Hif1an","0","1.0"
"2","3.3036303630363038","0.026288921659852724","0.30269730269730266","0.42857142857142855","8","6","false","Spred1","13.625","0","8","0","0.9588637435172088","false","0","Spred1","12128","0.20454545454545456"
"2","3.0825082508250827","0.005930820856305131","0.3244111349036402","0.6153846153846154","14","6","false","Fzd5","20.214285714285715","0","14","0","0.9628123526638378","false","0","Fzd5","5052","0.22712680577849118"
"2","3.042904290429043","0.03411340630674978","0.3286334056399132","0.5606060606060606","12","6","false","Mlycd","17.166666666666668","0","12","0","0.9635195662423385","false","0","Mlycd","22412","0.18772893772893773"
"2","4.353135313531353","0.0066006600660066","0.22971948445792267","0.3333333333333333","3","7","false","Ccdc120","6.0","0","3","0","0.9401225836869401","false","0","Ccdc120","1682","0.37777777777777777"
"2","4.036303630363037","0.0066006600660066","0.24775143090760424","0.3333333333333333","3","7","false","Usp6nl","10.666666666666666","0","3","0","0.9457802923149458","false","0","Usp6nl","2178","0.41333333333333333"
"2","5.34983498349835","0.0","0.18692165330043184","0.0","1","8","false","Parp4","3.0","0","1","0","0.9223243752946724","false","0","Parp4","0","0.0"
"2","4.231023102310231","0.0","0.23634945397815912","1.0","4","7","false","Rasal1","6.25","0","4","0","0.9423031588873173","false","0","Rasal1","0","0.625"
"2","3.366336633663366","0.042603395127707104","0.29705882352941176","0.19047619047619047","15","6","false","Kif2a","6.6","0","15","0","0.9577439886845828","false","0","Kif2a","13806","0.1451851851851852"
"2","5.066006600660066","0.0066006600660066","0.1973941368078176","0.0","2","8","false","Trim62","3.5","0","2","0","0.9273927392739274","false","0","Trim62","3940","0.5"
"2","4.356435643564357","0.0","0.22954545454545452","1.0","2","7","false","Ccdc68","9.0","0","2","0","0.9400636492220651","false","0","Ccdc68","0","0.5625"
"2","3.726072607260726","5.370270549603058E-4","0.2683790965456156","0.8333333333333334","4","7","false","Nfil3","6.5","0","4","0","0.9513201320132013","false","0","Nfil3","242","0.40625"
"2","4.231023102310231","0.0","0.23634945397815912","1.0","4","7","false","Rasa3","6.25","0","4","0","0.9423031588873173","false","0","Rasa3","0","0.625"
"2","4.762376237623762","0.0","0.20997920997921","0.0","1","8","false","Ctdsp1","5.0","0","1","0","0.9328147100424328","false","0","Ctdsp1","0","0.0"
"2","3.4356435643564356","3.802652509028974E-4","0.2910662824207493","0.6785714285714286","8","6","false","Ror2","21.625","0","8","0","0.9565063649222065","false","0","Ror2","262","0.3931818181818182"
"2","3.782178217821782","0.007291604683095829","0.26439790575916233","0.6","5","7","false","Kif13b","11.2","0","5","0","0.9503182461103253","false","0","Kif13b","1686","0.2558139534883721"
"2","3.6303630363036303","0.003975204257905801","0.27545454545454545","0.7142857142857143","7","7","false","Prkar2b","12.142857142857142","0","7","0","0.9530292314945781","false","0","Prkar2b","1244","0.27906976744186046"
"2","4.013201320132013","1.544525313458498E-4","0.24917763157894737","0.7333333333333333","6","7","false","Rab34","8.833333333333334","0","6","0","0.9461928335690712","false","0","Rab34","32","0.31547619047619047"
"2","3.937293729372937","0.0","0.2539815590947192","1.0","2","7","false","Tbc1d14","18.0","0","2","0","0.9475483262611976","false","0","Tbc1d14","0","0.5294117647058824"
"2","3.514851485148515","0.004967380419642785","0.28450704225352114","0.4222222222222222","10","6","false","Vangl1","14.5","0","10","0","0.9550919377652052","false","0","Vangl1","4778","0.31521739130434784"
"2","3.6534653465346536","0.009001890934512516","0.27371273712737126","0.3","5","7","false","Lamp2","12.4","0","5","0","0.9526166902404526","false","0","Lamp2","5084","0.25957446808510637"
"2","4.1749174917491745","3.6427483807983443E-6","0.23952569169960478","0.9","5","7","false","Vgll4","9.0","0","5","0","0.9433050447901933","false","0","Vgll4","2","0.42857142857142855"
"2","3.3234323432343236","0.014404271179589012","0.30089374379344586","0.42857142857142855","8","6","false","Clip1","11.375","0","8","0","0.9585101367279585","false","0","Clip1","5870","0.1939655172413793"
"2","5.102310231023102","1.906464098762102E-4","0.19598965071151359","0.0","2","8","false","Btbd11","3.0","0","2","0","0.9267444601603018","false","0","Btbd11","152","0.5"
"2","4.1716171617161715","0.005392929655014282","0.23971518987341772","0.0","2","7","false","Nuak1","4.0","0","2","0","0.9433639792550684","false","0","Nuak1","2144","0.5"
"2","3.871287128712871","0.007327001441157122","0.25831202046035806","0.5333333333333333","6","7","false","Tead3","8.666666666666666","0","6","0","0.9487270155586988","false","0","Tead3","4742","0.29310344827586204"
"2","4.099009900990099","0.0","0.24396135265700483","0.0","1","7","false","Ccdc92","16.0","0","1","0","0.9446605374823197","false","0","Ccdc92","0","0.0"
"2","3.4752475247524752","0.004090966851494676","0.28774928774928776","0.16666666666666666","4","6","false","Dpysl2","13.0","0","4","0","0.9557991513437057","false","0","Dpysl2","1678","0.2777777777777778"
"2","4.541254125412541","2.3908638589643103E-4","0.22020348837209303","0.0","2","7","false","Mpp2","4.0","0","2","0","0.9367633191890617","false","0","Mpp2","74","0.5"
"2","5.198019801980198","0.0","0.19238095238095237","0.0","1","8","false","Kiaa0513","2.0","0","1","0","0.9250353606789251","false","0","Kiaa0513","0","0.0"
"2","4.5016501650165015","0.0","0.2221407624633431","0.0","1","8","false","Kiaa1468","5.0","0","1","0","0.9374705327675625","false","0","Kiaa1468","0","0.0"
"2","4.141914191419142","0.0","0.2414342629482072","0.0","1","7","false","Dtnbp1","11.0","0","1","0","0.9438943894389439","false","0","Dtnbp1","0","0.0"
"2","3.759075907590759","0.0031055433020933548","0.2660228270412643","0.6","5","6","false","Akap5","9.8","0","5","0","0.9507307873644508","false","0","Akap5","1054","0.2823529411764706"
"2","4.838283828382838","0.007915253674116758","0.20668485675306958","0.0","4","8","false","Tspan9","4.0","0","4","0","0.9314592173503063","false","0","Tspan9","4672","0.42857142857142855"
"2","3.165016501650165","0.014713609133181775","0.3159541188738269","0.2222222222222222","10","6","false","Numb","15.7","0","10","0","0.9613389910419613","false","0","Numb","6346","0.18571428571428572"
"2","4.141914191419142","0.0","0.2414342629482072","0.0","1","7","false","Srr","11.0","0","1","0","0.9438943894389439","false","0","Srr","0","0.0"
"2","3.7095709570957096","0.0061869038267634785","0.2695729537366548","0.6","5","7","false","Kif16b","11.6","0","5","0","0.9516148043375766","false","0","Kif16b","2154","0.2651162790697674"
"2","4.201320132013201","0.0066006600660066","0.2380204241948154","0.0","2","7","false","Ptpn14","9.0","0","2","0","0.9428335690711929","false","0","Ptpn14","2024","0.5"
"2","4.016501650165017","1.2089490619345938E-4","0.24897288414133112","0.8","6","7","false","Abcd1","9.5","0","6","0","0.9461338991041961","false","0","Abcd1","68","0.4523809523809524"
"2","4.105610561056106","0.0","0.2435691318327974","1.0","3","7","false","Pxmp4","9.333333333333334","0","3","0","0.9445426685525696","false","0","Pxmp4","0","0.5833333333333334"
"2","3.429042904290429","0.00986375456643355","0.29162656400384984","0.42857142857142855","8","6","false","Tmed3","9.125","0","8","0","0.9566242338519567","false","0","Tmed3","3630","0.19010416666666666"
"2","4.118811881188119","0.0","0.24278846153846154","0.0","1","7","false","Cthrc1","16.0","0","1","0","0.9443069306930693","false","0","Cthrc1","0","0.0"
"2","4.0","0.006652770291220227","0.25","0.5714285714285714","7","7","false","Pex5l","9.714285714285714","0","7","0","0.9464285714285714","false","0","Pex5l","4134","0.39880952380952384"
"2","4.287128712871287","3.187847599916202E-4","0.23325635103926096","0.3333333333333333","3","7","false","Apbb1","6.333333333333333","0","3","0","0.9413012729844413","false","0","Apbb1","146","0.46153846153846156"
"2","3.108910891089109","0.020819606429973925","0.321656050955414","0.49166666666666664","16","6","false","Hsd17b4","14.25","0","16","0","0.9623408769448373","false","0","Hsd17b4","14102","0.1716867469879518"
"2","3.8580858085808583","0.003250109506256645","0.25919589392643283","0.6","5","6","false","Camk2d","9.2","0","5","0","0.9489627534181989","false","0","Camk2d","646","0.2903225806451613"
"2","4.115511551155116","1.8213741903991722E-5","0.24298315958299918","0.8333333333333334","4","7","false","Sesn1","10.5","0","4","0","0.9443658651579444","false","0","Sesn1","6","0.5526315789473685"
"2","3.9867986798679866","0.006121719289252345","0.25082781456953646","0.3","5","7","false","Bace1","9.2","0","5","0","0.9466643092880717","false","0","Bace1","3838","0.30344827586206896"
"2","3.217821782178218","0.004915453104086731","0.31076923076923074","0.42857142857142855","7","6","false","Lgr5","17.285714285714285","0","7","0","0.9603960396039604","false","0","Lgr5","2380","0.2335907335907336"
"2","3.1155115511551155","0.017257935304245336","0.3209745762711864","0.49166666666666664","16","6","false","Pex13","13.625","0","16","0","0.9622230080150872","false","0","Pex13","7758","0.16820987654320987"
"2","4.069306930693069","0.004307487859025762","0.24574209245742093","0.3333333333333333","3","7","false","Asl","6.0","0","3","0","0.9451909476661953","false","0","Asl","1136","0.37777777777777777"
"2","4.016501650165017","1.2089490619345938E-4","0.24897288414133112","0.8","6","7","false","Abcd3","9.5","0","6","0","0.9461338991041961","false","0","Abcd3","68","0.4523809523809524"
"2","3.132013201320132","0.02282780015515604","0.3192834562697577","0.6727272727272727","11","6","false","Nos2","16.181818181818183","0","11","0","0.9619283356907119","false","0","Nos2","5010","0.20227272727272727"
"2","4.323432343234323","0.0","0.23129770992366414","0.0","1","7","false","Bcl9l","11.0","0","1","0","0.9406529938708157","false","0","Bcl9l","0","0.0"
"2","4.0","0.0","0.25","1.0","3","7","false","Mlkl","5.333333333333333","0","3","0","0.9464285714285714","false","0","Mlkl","0","0.5925925925925926"
"2","3.3267326732673266","0.03312917784082699","0.3005952380952381","0.36363636363636365","11","6","false","Tcf7l2","13.818181818181818","0","11","0","0.9584512022630834","false","0","Tcf7l2","16626","0.22140762463343108"
"2","3.607260726072607","0.0179451036253192","0.27721866422689845","0.14285714285714285","8","6","false","Dab1","6.125","0","8","0","0.9534417727487033","false","0","Dab1","7010","0.17424242424242425"
"2","3.5181518151815183","0.010138120631902852","0.2842401500938086","0.4444444444444444","9","6","false","Pex3","12.555555555555555","0","9","0","0.95503300330033","false","0","Pex3","6844","0.25925925925925924"
"2","4.099009900990099","0.0066006600660066","0.24396135265700483","0.3333333333333333","3","7","false","Ass1","5.0","0","3","0","0.9446605374823197","false","0","Ass1","1342","0.3888888888888889"
"2","3.231023102310231","0.014206160321186108","0.30949948927477017","0.4","6","6","false","Ripk1","15.333333333333334","0","6","0","0.9601603017444601","false","0","Ripk1","6118","0.23958333333333334"
"2","3.9042904290429044","6.920709415627781E-4","0.25612848689771767","0.6","6","7","false","Tubb2a","10.333333333333334","0","6","0","0.9481376709099482","false","0","Tubb2a","338","0.38271604938271603"
"2","5.095709570957096","0.0","0.19624352331606215","0.0","1","8","false","Slc25a13","3.0","0","1","0","0.9268623290900518","false","0","Slc25a13","0","0.0"
"2","4.996699669966997","0.0","0.20013210039630117","0.0","1","8","false","Hcn2","7.0","0","1","0","0.9286303630363035","false","0","Hcn2","0","0.0"
"2","5.481848184818482","0.0","0.18242022877784467","1.0","2","9","false","Atg16l2","5.5","0","2","0","0.91996699669967","false","0","Atg16l2","0","0.9166666666666666"
"2","3.6303630363036303","3.973907324507285E-6","0.27545454545454545","0.9","5","6","false","Ptk7","16.8","0","5","0","0.9530292314945781","false","0","Ptk7","4","0.4"
"2","4.270627062706271","0.0","0.23415765069551778","1.0","2","7","false","Ppp2r3a","7.0","0","2","0","0.9415959453088166","false","0","Ppp2r3a","0","0.6363636363636364"
"2","4.4950495049504955","0.003267545297576115","0.2224669603524229","0.7","5","8","false","Wipi2","6.4","0","5","0","0.9375884016973126","false","0","Wipi2","2818","0.3764705882352941"
"2","4.363036303630363","0.0","0.22919818456883512","0.0","1","7","false","Psrc1","15.0","0","1","0","0.9399457802923149","false","0","Psrc1","0","0.0"
"2","3.891089108910891","0.007296906381907284","0.25699745547073793","0.6","5","6","false","Epb4.1l1","8.8","0","5","0","0.9483734087694484","false","0","Epb4.1l1","1842","0.296551724137931"
"2","4.488448844884489","0.005370081897826816","0.2227941176470588","0.5333333333333333","6","8","false","Wipi1","5.666666666666667","0","6","0","0.9377062706270627","false","0","Wipi1","4254","0.3148148148148148"
"2","3.907590759075908","3.771475087851237E-4","0.25591216216216217","0.6","5","7","false","Kif5c","10.2","0","5","0","0.948078736445073","false","0","Kif5c","224","0.4636363636363636"
"2","4.4983498349834985","0.0","0.2223037417461482","1.0","4","8","false","Atg4b","7.75","0","4","0","0.9375294672324375","false","0","Atg4b","0","0.45588235294117646"
"2","3.594059405940594","0.038090988810963844","0.27823691460055094","0.3090909090909091","11","7","false","Ulk1","9.363636363636363","0","11","0","0.9536775106082037","false","0","Ulk1","19078","0.17667238421955403"
"2","4.00990099009901","0.0033419761814621166","0.24938271604938272","0.5","4","7","false","Dlgap4","10.0","0","4","0","0.9462517680339462","false","0","Dlgap4","1054","0.3482142857142857"
"2","2.867986798679868","0.01671495049649675","0.3486766398158803","0.7941176470588235","17","5","false","Ldlr","22.0","0","17","0","0.9666430928807167","false","0","Ldlr","7824","0.2018348623853211"
"2","4.006600660066007","2.978032320370527E-4","0.24958813838550245","0.6666666666666666","4","7","false","Dlgap3","10.25","0","4","0","0.9463107024988213","false","0","Dlgap3","124","0.36607142857142855"
"2","3.66006600660066","1.645239018294594E-4","0.2732191163210099","0.7","5","6","false","Sec23a","13.4","0","5","0","0.9524988213107025","false","0","Sec23a","80","0.37222222222222223"
"2","3.9141914191419143","8.071389680329877E-4","0.2554806070826307","0.0","2","7","false","Iqsec1","14.5","0","2","0","0.9479608675153229","false","0","Iqsec1","428","0.5"
"2","3.419141914191419","7.279676776617615E-4","0.29247104247104244","0.7051282051282052","13","6","false","Sfrp1","16.692307692307693","0","13","0","0.9568010372465817","false","0","Sfrp1","1110","0.34065934065934067"
"2","3.504950495049505","0.01737470019528973","0.2853107344632768","0.2","5","7","false","Ppp2r2c","9.0","0","5","0","0.9552687411598303","false","0","Ppp2r2c","4778","0.2205128205128205"
"2","4.099009900990099","0.0187194123869259","0.24396135265700483","0.2222222222222222","9","7","false","Map1lc3a","5.333333333333333","0","9","0","0.9446605374823197","false","0","Map1lc3a","10478","0.21296296296296297"
"2","3.801980198019802","0.0025752354363637268","0.26302083333333337","0.3333333333333333","3","7","false","Asap1","13.0","0","3","0","0.9499646393210749","false","0","Asap1","886","0.35185185185185186"
"2","3.8316831683168315","9.698429148307195E-4","0.26098191214470284","0.3333333333333333","3","7","false","Dchs1","13.333333333333334","0","3","0","0.9494342291371994","false","0","Dchs1","528","0.43333333333333335"
"2","4.0462046204620465","0.014882916024564177","0.24714518760195756","0.1","5","7","false","Cux1","5.6","0","5","0","0.9456034889203205","false","0","Cux1","8090","0.22727272727272727"
"2","3.603960396039604","0.028741764540169183","0.2774725274725275","0.16666666666666666","12","6","false","Tubb3","7.833333333333333","0","12","0","0.9535007072135785","false","0","Tubb3","10888","0.1564625850340136"
"2","3.8481848184818483","0.0020854036509606643","0.25986277873070324","0.38095238095238093","7","6","false","Dlg3","7.857142857142857","0","7","0","0.9491395568128241","false","0","Dlg3","840","0.23109243697478993"
"2","3.5841584158415842","0.0","0.27900552486187846","1.0","2","6","false","Mief2","14.0","0","2","0","0.9538543140028288","false","0","Mief2","0","0.5384615384615384"
"2","3.376237623762376","0.0025383294764903825","0.2961876832844575","0.6666666666666666","3","6","false","Mvb12b","20.666666666666668","0","3","0","0.9575671852899575","false","0","Mvb12b","1334","0.3563218390804598"
"2","4.204620462046204","1.7154542759421128E-4","0.23783359497645215","0.3333333333333333","3","7","false","Uevld","3.3333333333333335","0","3","0","0.9427746346063177","false","0","Uevld","64","0.5"
"2","5.03960396039604","0.0","0.19842829076620824","1.0","2","8","false","Golim4","3.5","0","2","0","0.9278642149929279","false","0","Golim4","0","0.7"
"2","3.376237623762376","0.0025383294764903825","0.2961876832844575","0.6666666666666666","3","6","false","Vps37a","20.666666666666668","0","3","0","0.9575671852899575","false","0","Vps37a","1334","0.3563218390804598"
"2","3.6006600660066006","0.011196345763597864","0.2777268560953254","0.3333333333333333","7","6","false","Gpc4","15.142857142857142","0","7","0","0.9535596416784536","false","0","Gpc4","8594","0.39097744360902253"
"2","5.03960396039604","0.0","0.19842829076620824","1.0","2","8","false","Man1c1","3.5","0","2","0","0.9278642149929279","false","0","Man1c1","0","0.7"
"2","5.082508250825082","0.0066006600660066","0.19675324675324676","0.3333333333333333","3","8","false","Calcoco2","5.333333333333333","0","3","0","0.927098066949552","false","0","Calcoco2","3720","0.5"
"2","4.63036303630363","0.00828290657840532","0.21596578759800428","0.16666666666666666","4","8","false","Crb2","2.75","0","4","0","0.9351720886374352","false","0","Crb2","2402","0.32142857142857145"
"2","5.627062706270627","0.0","0.17771260997067448","0.0","1","9","false","Madd","4.0","0","1","0","0.9173738802451673","false","0","Madd","0","0.0"
"2","5.8349834983498345","0.0","0.17138009049773756","0.0","1","9","false","Rfesd","4.0","0","1","0","0.9136610089580387","false","0","Rfesd","0","0.0"
"2","6.079207920792079","0.0","0.16449511400651465","0.0","1","9","false","Esx1","3.0","0","1","0","0.9092998585572843","false","0","Esx1","0","0.0"
"2","3.891089108910891","0.00414877277214173","0.25699745547073793","0.3333333333333333","4","7","false","Pard6b","5.0","0","4","0","0.9483734087694484","false","0","Pard6b","1132","0.31666666666666665"
"2","4.7227722772277225","0.0","0.21174004192872117","1.0","2","8","false","Mpp7","5.0","0","2","0","0.9335219236209336","false","0","Mpp7","0","0.625"
"2","3.9603960396039604","4.8322556382137175E-4","0.2525","0.5357142857142857","8","7","false","Rab25","7.625","0","8","0","0.9471357850070721","false","0","Rab25","234","0.27232142857142855"
"2","4.749174917491749","0.0022740413550852217","0.21056289089645586","0.0","2","7","false","Epb4.1l5","4.5","0","2","0","0.933050447901933","false","0","Epb4.1l5","472","0.5"
"2","5.033003300330033","0.0","0.19868852459016395","0.0","1","8","false","Sgsm2","3.0","0","1","0","0.927982083922678","false","0","Sgsm2","0","0.0"
"2","4.508250825082508","0.0","0.22181551976573938","0.0","1","7","false","Pacs2","4.0","0","1","0","0.9373526638378123","false","0","Pacs2","0","0.0"
"2","3.2244224422442245","0.006740805030649698","0.3101330603889457","0.5","5","6","false","Rspo3","18.6","0","5","0","0.9602781706742103","false","0","Rspo3","1432","0.25205479452054796"
"2","3.145214521452145","0.01317946364172841","0.3179433368310598","0.6545454545454545","11","6","false","Dao","15.818181818181818","0","11","0","0.9616925978312116","false","0","Dao","2714","0.20574162679425836"
"2","3.5115511551155114","0.016545698876516416","0.28477443609022557","0.16666666666666666","4","6","false","Mfn2","9.0","0","4","0","0.9551508722300801","false","0","Mfn2","5966","0.265625"
"2","3.6864686468646863","0.0016081205794808927","0.27126230975828114","0.5","4","7","false","Zfyve19","11.25","0","4","0","0.952027345591702","false","0","Zfyve19","616","0.3055555555555556"
"2","5.366336633663367","0.0","0.1863468634686347","0.0","1","8","false","Samd14","3.0","0","1","0","0.9220297029702971","false","0","Samd14","0","0.0"
"2","3.937293729372937","0.01315760715144362","0.2539815590947192","0.5238095238095238","7","7","false","Mlst8","8.571428571428571","0","7","0","0.9475483262611976","false","0","Mlst8","5420","0.31746031746031744"
"2","3.201320132013201","0.027371083317520674","0.31237113402061856","0.4175824175824176","14","6","false","Acaa1a","14.571428571428571","0","14","0","0.9606907119283357","false","0","Acaa1a","20612","0.18831168831168832"
"2","3.742574257425743","0.00886203822111183","0.26719576719576715","0.26666666666666666","6","6","false","Fadd","5.5","0","6","0","0.951025459688826","false","0","Fadd","5160","0.23484848484848486"
"2","3.3894389438943895","0.0","0.29503407984420643","0.0","1","6","false","Dcun1d1","56.0","0","1","0","0.9573314474304573","false","0","Dcun1d1","0","0.0"
"2","3.1947194719471947","0.017225281798482782","0.3130165289256198","0.4","6","6","false","Usp9x","19.0","0","6","0","0.9608085808580858","false","0","Usp9x","7270","0.23839662447257384"
"2","2.966996699669967","0.03777429008147589","0.3370411568409344","0.3684210526315789","19","6","false","Ube2d1","13.789473684210526","0","19","0","0.9648750589344648","false","0","Ube2d1","18744","0.13387838528359736"
"2","4.363036303630363","0.002819218150133879","0.22919818456883512","0.0","2","7","false","Apoo","6.0","0","2","0","0.9399457802923149","false","0","Apoo","1138","0.5"
"2","3.900990099009901","2.9970447635746137E-4","0.2563451776649746","0.6","5","7","false","Rab11fip1","9.6","0","5","0","0.9481966053748232","false","0","Rab11fip1","130","0.3096774193548387"
"2","4.03960396039604","0.0","0.24754901960784315","1.0","5","7","false","Eci1","13.4","0","5","0","0.9457213578500708","false","0","Eci1","0","0.5153846153846153"
"2","4.841584158415841","0.002721945047602652","0.2065439672801636","0.0","2","8","false","Rimklb","3.5","0","2","0","0.9314002828854314","false","0","Rimklb","600","0.5"
"2","4.023102310231023","0.004984148201378523","0.24856439704675964","0.4444444444444444","10","7","false","Acadl","9.2","0","10","0","0.946016030174446","false","0","Acadl","6496","0.35384615384615387"
"2","3.3894389438943895","0.0","0.29503407984420643","0.0","1","6","false","Rnf103","56.0","0","1","0","0.9573314474304573","false","0","Rnf103","0","0.0"
"2","4.118811881188119","9.101938774438548E-4","0.24278846153846154","0.0","3","7","false","Mical1","5.666666666666667","0","3","0","0.9443069306930693","false","0","Mical1","362","0.358974358974359"
"2","3.1254125412541254","0.00458535021607292","0.3199577613516367","0.7272727272727273","12","6","false","Crat","17.333333333333332","0","12","0","0.962046204620462","false","0","Crat","5558","0.21138211382113822"
"2","4.795379537953796","0.0066006600660066","0.20853406744666206","0.0","2","8","false","Eid1","3.5","0","2","0","0.9322253653936823","false","0","Eid1","2644","0.5"
"2","5.29042904290429","0.0","0.18902058640049907","0.0","1","8","false","Gadd45g","2.0","0","1","0","0.9233851956624234","false","0","Gadd45g","0","0.0"
"2","5.792079207920792","0.0","0.17264957264957265","0.0","1","9","false","Eid2","2.0","0","1","0","0.9144271570014144","false","0","Eid2","0","0.0"
"2","5.075907590759076","0.0","0.19700910273081923","0.0","1","8","false","Glis2","4.0","0","1","0","0.9272159358793023","false","0","Glis2","0","0.0"
"2","4.293729372937293","0.0066006600660066","0.2328977709454266","0.0","2","7","false","Tesk1","4.5","0","2","0","0.9411834040546913","false","0","Tesk1","1898","0.5"
"2","3.924092409240924","0.004579651844631722","0.2548359966358284","0.5","5","7","false","Acss1","12.0","0","5","0","0.9477840641206977","false","0","Acss1","4998","0.4068965517241379"
"2","4.00990099009901","0.0","0.24938271604938272","1.0","3","7","false","Bhlhe40","5.333333333333333","0","3","0","0.9462517680339462","false","0","Bhlhe40","0","0.6666666666666666"
"2","2.745874587458746","0.03317834759516395","0.3641826923076923","0.5714285714285714","22","5","false","Arrb1","19.318181818181817","0","22","0","0.9688236680810939","false","0","Arrb1","15876","0.16195569136745608"
"2","5.003300330033003","0.0066006600660066","0.19986807387862798","0.0","2","8","false","Ift27","3.5","0","2","0","0.9285124941065536","false","0","Ift27","2210","0.5"
"2","4.973597359735973","2.1856490284790067E-5","0.20106171201061712","0.0","2","8","false","Rtn3","4.0","0","2","0","0.929042904290429","false","0","Rtn3","4","0.6"
"2","4.013201320132013","0.01315760715144362","0.24917763157894737","0.6666666666666666","6","7","false","Rab3b","8.666666666666666","0","6","0","0.9461928335690712","false","0","Rab3b","4416","0.3148148148148148"
"2","6.0","0.0","0.16666666666666666","0.0","1","9","false","Ift52","2.0","0","1","0","0.9107142857142857","false","0","Ift52","0","0.0"
"2","4.003300330033003","0.0","0.2497938994229184","1.0","3","7","false","Dbn1","13.666666666666666","0","3","0","0.9463696369636965","false","0","Dbn1","0","0.4880952380952381"
"2","4.122112211221122","0.0066006600660066","0.24259407526020818","0.3333333333333333","3","7","false","Camkk2","10.333333333333334","0","3","0","0.9442479962281942","false","0","Camkk2","3108","0.5882352941176471"
"2","4.161716171617162","0.0","0.24028548770816813","0.0","1","7","false","Insc","10.0","0","1","0","0.9435407826496937","false","0","Insc","0","0.0"
"2","3.01980198019802","0.02709587905250918","0.33114754098360655","0.25","8","6","false","Cry2","14.0","0","8","0","0.963932107496464","false","0","Cry2","13806","0.16666666666666666"
"2","3.834983498349835","0.002038779749528894","0.2607573149741824","0.3333333333333333","3","7","false","Fat4","11.333333333333334","0","3","0","0.9493752946723244","false","0","Fat4","644","0.3793103448275862"
"2","4.372937293729373","0.0","0.2286792452830189","1.0","2","7","false","Evc","4.5","0","2","0","0.9397689768976898","false","0","Evc","0","0.6428571428571429"
"2","4.079207920792079","0.006620695182100992","0.24514563106796117","0.3333333333333333","4","7","false","Invs","6.75","0","4","0","0.94501414427157","false","0","Invs","4276","0.40625"
"2","3.8943894389438944","0.0035220788936771827","0.25677966101694916","0.5","5","7","false","Gap43","10.2","0","5","0","0.9483144743045733","false","0","Gap43","2348","0.2756756756756757"
"2","3.8415841584158414","0.002730238352797606","0.2603092783505155","0.5","4","6","false","Ripk3","5.0","0","4","0","0.9492574257425742","false","0","Ripk3","830","0.3958333333333333"
"2","6.0627062706270625","0.0","0.1649428415895482","0.0","1","9","false","Zfp362","2.0","0","1","0","0.9095945308816596","false","0","Zfp362","0","0.0"
"2","4.198019801980198","0.0","0.23820754716981132","0.0","1","7","false","Zswim7","14.0","0","1","0","0.9428925035360679","false","0","Zswim7","0","0.0"
"2","3.99009900990099","0.0011339319357279777","0.2506203473945409","0.6666666666666666","6","7","false","Rab15","8.833333333333334","0","6","0","0.9466053748231966","false","0","Rab15","478","0.32098765432098764"
"2","4.207920792079208","0.0","0.2376470588235294","0.0","1","7","false","Trp53bp2","17.0","0","1","0","0.9427157001414427","false","0","Trp53bp2","0","0.0"
"2","3.726072607260726","5.370270549603058E-4","0.2683790965456156","0.8333333333333334","4","7","false","Bhlhe41","6.5","0","4","0","0.9513201320132013","false","0","Bhlhe41","242","0.40625"
"2","3.108910891089109","0.020777789526571562","0.321656050955414","0.5166666666666667","16","6","false","Ech1","14.75","0","16","0","0.9623408769448373","false","0","Ech1","17524","0.17771084337349397"
"2","3.221122112211221","0.003680746840554549","0.3104508196721312","0.5","4","6","false","Usp2","19.0","0","4","0","0.9603371051390853","false","0","Usp2","2552","0.2835820895522388"
"2","4.075907590759076","0.0","0.24534412955465584","1.0","2","7","false","Tubb1","13.0","0","2","0","0.9450730787364451","false","0","Tubb1","0","0.8666666666666667"
"2","4.092409240924092","0.0","0.24435483870967742","1.0","3","7","false","Tnfrsf12a","11.0","0","3","0","0.9447784064120698","false","0","Tnfrsf12a","0","0.6875"
"2","2.392739273927393","0.3751385458144983","0.4179310344827586","0.13376623376623376","56","5","false","Ubc","12.392857142857142","0","56","0","0.9751296558227251","false","0","Ubc","156404","0.07422547332185886"
"2","4.597359735973598","0.0","0.217516152189519","1.0","2","7","false","Stmn2","8.5","0","2","0","0.9357614332861858","false","0","Stmn2","0","0.7083333333333334"
"2","3.7656765676567656","0.01665519798006115","0.26555652936021035","0.1","5","7","false","Mbp","5.4","0","5","0","0.9506129184347005","false","0","Mbp","5002","0.25263157894736843"
"2","3.2046204620462047","0.04570253150975284","0.3120494335736354","0.32727272727272727","11","6","false","Csnk1e","10.545454545454545","0","11","0","0.9606317774634606","false","0","Csnk1e","14688","0.15944055944055943"
"2","3.372937293729373","0.0","0.2964774951076321","1.0","2","6","false","Lnx2","33.0","0","2","0","0.9576261197548327","false","0","Lnx2","0","0.559322033898305"
"2","4.877887788778878","3.847844298036571E-5","0.20500676589986466","0.8","5","8","false","Mccc2","9.8","0","5","0","0.9307520037718058","false","0","Mccc2","18","0.49"
"2","2.7854785478547854","0.02195317937086292","0.3590047393364929","0.8833333333333333","16","5","false","Agfg1","24.125","0","16","0","0.9681164545025931","false","0","Agfg1","12094","0.19613821138211382"
"2","2.7524752475247523","0.05001648582798219","0.36330935251798563","0.3333333333333333","30","5","false","Ap2a2","15.666666666666666","0","30","0","0.9687057991513438","false","0","Ap2a2","22734","0.13623188405797101"
"2","3.3135313531353137","0.054750151979271786","0.301792828685259","0.20952380952380953","15","7","false","Prkag2","7.733333333333333","0","15","0","0.9586869401225837","false","0","Prkag2","28152","0.11794871794871795"
"2","4.092409240924092","0.0","0.24435483870967742","1.0","3","7","false","Tnfsf12","11.0","0","3","0","0.9447784064120698","false","0","Tnfsf12","0","0.6875"
"2","3.798679867986799","0.006600660066006602","0.263249348392702","0.0","2","6","false","Exoc3l2","11.0","0","2","0","0.95002357378595","false","0","Exoc3l2","1980","0.5"
"2","4.376237623762377","0.0","0.22850678733031674","0.0","1","7","false","Gas1","7.0","0","1","0","0.9397100424328146","false","0","Gas1","0","0.0"
"2","3.221122112211221","0.020580185019150488","0.3104508196721312","0.4","16","6","false","Ap1b1","14.1875","0","16","0","0.9603371051390853","false","0","Ap1b1","14688","0.21082089552238806"
"2","4.924092409240924","0.0","0.20308310991957107","1.0","2","8","false","Acsl3","11.5","0","2","0","0.9299269212635549","false","0","Acsl3","0","0.7666666666666667"
"2","3.495049504950495","0.0013486682434320843","0.28611898016997167","0.4","5","6","false","Bmp2k","15.2","0","5","0","0.9554455445544555","false","0","Bmp2k","720","0.35714285714285715"
"2","5.118811881188119","0.0","0.195357833655706","0.0","1","8","false","Plekhh2","3.0","0","1","0","0.9264497878359264","false","0","Plekhh2","0","0.0"
"2","4.099009900990099","0.0","0.24396135265700483","0.0","1","7","false","Ublcp1","16.0","0","1","0","0.9446605374823197","false","0","Ublcp1","0","0.0"
"2","2.8085808580858087","0.03843404775648637","0.35605170387779084","0.5238095238095238","21","5","false","Bin1","18.61904761904762","0","21","0","0.9677039132484676","false","0","Bin1","18298","0.159688013136289"
"2","3.0825082508250827","0.03859851832869684","0.3244111349036402","0.3238095238095238","15","6","false","Tuba1a","10.4","0","15","0","0.9628123526638378","false","0","Tuba1a","16962","0.13596491228070176"
"2","3.4455445544554455","9.311058417856783E-4","0.29022988505747127","0.3333333333333333","3","6","false","Ehd3","21.0","0","3","0","0.9563295615275813","false","0","Ehd3","802","0.49206349206349204"
"2","3.386138613861386","0.0","0.2953216374269006","1.0","2","6","false","Tada3","29.0","0","2","0","0.9573903818953324","false","0","Tada3","0","0.5178571428571429"
"2","4.01980198019802","0.001653870319650938","0.24876847290640394","0.6","5","7","false","Echdc2","10.4","0","5","0","0.9460749646393211","false","0","Echdc2","2660","0.3586206896551724"
"2","4.217821782178218","0.0","0.23708920187793425","0.0","1","7","false","Gas2l1","16.0","0","1","0","0.9425388967468175","false","0","Gas2l1","0","0.0"
"2","2.8382838283828384","0.007665588869452219","0.3523255813953488","0.8161764705882353","17","5","false","Ldlrap1","22.176470588235293","0","17","0","0.9671735030645922","false","0","Ldlrap1","2948","0.20865704772475027"
"2","4.052805280528053","8.764024045567784E-6","0.246742671009772","0.8333333333333334","4","7","false","Etfdh","13.25","0","4","0","0.9454856199905705","false","0","Etfdh","8","0.5520833333333334"
"2","3.712871287128713","0.004286094853844086","0.2693333333333333","0.26666666666666666","6","7","false","Arf2","11.833333333333334","0","6","0","0.9515558698727016","false","0","Arf2","1676","0.25925925925925924"
"2","2.881188118811881","0.00501133637980981","0.3470790378006873","0.7867647058823529","17","5","false","Pacsin1","21.764705882352942","0","17","0","0.9664073550212164","false","0","Pacsin1","2336","0.2034084661902144"
"2","4.488448844884489","0.0","0.2227941176470588","0.0","1","7","false","Tvp23a","8.0","0","1","0","0.9377062706270627","false","0","Tvp23a","0","0.0"
"2","3.089108910891089","0.004076188609558628","0.32371794871794873","0.5","8","6","false","Amer1","20.125","0","8","0","0.9626944837340876","false","0","Amer1","2892","0.23132183908045978"
"2","3.386138613861386","0.00968790971086715","0.2953216374269006","0.09523809523809523","7","6","false","Ehd1","11.571428571428571","0","7","0","0.9573903818953324","false","0","Ehd1","4628","0.22740524781341107"
"2","4.930693069306931","0.0","0.20281124497991967","1.0","2","8","false","Prr5","4.5","0","2","0","0.9298090523338047","false","0","Prr5","0","0.6428571428571429"
"2","2.891089108910891","0.06440798785030866","0.3458904109589041","0.2966666666666667","25","6","false","Lrp5","13.48","0","25","0","0.9662305516265912","false","0","Lrp5","28294","0.13098039215686275"
"2","4.762376237623762","0.0","0.20997920997921","0.0","1","8","false","Pmp22","5.0","0","1","0","0.9328147100424328","false","0","Pmp22","0","0.0"
"2","3.3135313531353137","0.045213487298753234","0.301792828685259","0.20952380952380953","15","6","false","Prkab1","7.8","0","15","0","0.9586869401225837","false","0","Prkab1","25480","0.13220338983050847"
"2","2.778877887788779","0.023043331466225232","0.35985748218527314","0.4586894586894587","27","5","false","Fzd4","18.925925925925927","0","27","0","0.9682343234323432","false","0","Fzd4","15118","0.16898148148148148"
"2","4.372937293729373","0.0","0.2286792452830189","1.0","2","7","false","Evc2","4.5","0","2","0","0.9397689768976898","false","0","Evc2","0","0.6428571428571429"
"2","3.9174917491749173","0.004757532633675119","0.25526537489469253","0.3","5","7","false","Reln","10.2","0","5","0","0.947901933050448","false","0","Reln","1362","0.2702702702702703"
"2","3.9405940594059405","0.0012616336809517642","0.2537688442211055","0.7333333333333333","6","7","false","Rragd","10.166666666666666","0","6","0","0.9474893917963225","false","0","Rragd","1370","0.3765432098765432"
"2","2.8217821782178216","0.007188787462658575","0.35438596491228075","0.7450980392156863","18","5","false","Hip1","21.444444444444443","0","18","0","0.9674681753889675","false","0","Hip1","4530","0.19494949494949496"
"2","3.33993399339934","0.003310500940645451","0.2994071146245059","0.4358974358974359","13","6","false","Fzd1","14.461538461538462","0","13","0","0.9582154644035832","false","0","Fzd1","2718","0.25371120107962214"
"2","3.8052805280528053","0.013854856103160812","0.26279271465741544","0.4","6","7","false","Mapre2","9.666666666666666","0","6","0","0.9499057048562","false","0","Mapre2","5672","0.3392857142857143"
"2","3.4917491749174916","0.014924435811534109","0.28638941398865786","0.5357142857142857","8","6","false","Yipf6","11.75","0","8","0","0.9555044790193304","false","0","Yipf6","5500","0.359375"
"2","4.795379537953796","0.0","0.20853406744666206","0.0","1","7","false","Txndc15","2.0","0","1","0","0.9322253653936823","false","0","Txndc15","0","0.0"
"2","3.366336633663366","0.0025643179387196176","0.29705882352941176","0.6666666666666666","4","6","false","Lgr6","17.5","0","4","0","0.9577439886845828","false","0","Lgr6","1034","0.2916666666666667"
"2","4.930693069306931","0.0","0.20281124497991967","1.0","2","8","false","Prr5l","4.5","0","2","0","0.9298090523338047","false","0","Prr5l","0","0.6428571428571429"
"2","2.702970297029703","0.06240118008587699","0.3699633699633699","0.36174242424242425","33","5","false","Wnt5a","17.03030303030303","0","33","0","0.9695898161244696","false","0","Wnt5a","30480","0.1395926477893691"
"2","2.8844884488448845","0.07823231310609792","0.34668192219679633","0.21666666666666667","16","6","false","Ppp2r5a","13.0625","0","16","0","0.9663484205563414","false","0","Ppp2r5a","26542","0.12094907407407407"
"2","3.5181518151815183","0.0","0.2842401500938086","1.0","6","6","false","Tbc1d8b","15.5","0","6","0","0.95503300330033","false","0","Tbc1d8b","0","0.4696969696969697"
"2","2.6303630363036303","0.10737751284039242","0.38017565872020076","0.463768115942029","24","5","false","Dnm1","19.0","0","24","0","0.970886374351721","false","0","Dnm1","45312","0.13639088729016788"
"2","3.34983498349835","0.011372041938482503","0.29852216748768473","0.25","9","6","false","Cdk5","9.666666666666666","0","9","0","0.9580386610089581","false","0","Cdk5","5760","0.16569200779727095"
"2","3.102310231023102","0.025845867561289575","0.32234042553191494","0.26666666666666666","16","6","false","Psmd4","11.25","0","16","0","0.9624587458745875","false","0","Psmd4","12910","0.1278735632183908"
"2","4.666666666666667","0.008673464988340178","0.21428571428571427","0.3333333333333333","7","8","false","Hibadh","6.714285714285714","0","7","0","0.9345238095238095","false","0","Hibadh","8360","0.30612244897959184"
"2","4.211221122112211","0.0","0.23746081504702196","1.0","2","7","false","Krt15","5.5","0","2","0","0.9426567656765676","false","0","Krt15","0","0.7857142857142857"
"2","4.221122112211221","0.0","0.236903831118061","0.0","1","7","false","Tmem255a","5.0","0","1","0","0.9424799622819425","false","0","Tmem255a","0","0.0"
"2","3.5907590759075907","1.5724873728399047E-4","0.27849264705882354","0.8333333333333334","4","6","false","Ap1m2","17.75","0","4","0","0.9537364450730788","false","0","Ap1m2","144","0.4551282051282051"
"2","2.8052805280528053","0.014532185474602638","0.3564705882352941","0.5904761904761905","21","5","false","Snap91","19.428571428571427","0","21","0","0.9677628477133428","false","0","Snap91","10062","0.17503217503217502"
"2","3.254125412541254","0.007942328422994138","0.30730223123732253","0.43859649122807015","19","6","false","Fzd2","15.105263157894736","0","19","0","0.9597477604903347","false","0","Fzd2","5722","0.2097953216374269"
"2","4.917491749174918","0.0","0.20335570469798656","1.0","2","8","false","Cmbl","13.5","0","2","0","0.9300447901933051","false","0","Cmbl","0","0.7941176470588235"
"2","3.877887788778878","0.0","0.2578723404255319","1.0","2","7","false","Peg12","12.0","0","2","0","0.9486091466289486","false","0","Peg12","0","0.75"
"2","3.3894389438943895","0.0","0.29503407984420643","0.0","1","6","false","Eme2","56.0","0","1","0","0.9573314474304573","false","0","Eme2","0","0.0"
"2","3.4719471947194718","0.001697336344480732","0.2880228136882129","0.6666666666666666","4","6","false","Myo5b","15.0","0","4","0","0.9558580858085809","false","0","Myo5b","990","0.3409090909090909"
"2","3.184818481848185","0.019467859521321056","0.31398963730569945","0.45714285714285713","15","6","false","Ap1g1","15.466666666666667","0","15","0","0.9609853842527111","false","0","Ap1g1","12040","0.21784037558685446"
"2","5.118811881188119","0.0066006600660066","0.195357833655706","0.0","2","8","false","Clip3","1.5","0","2","0","0.9264497878359264","false","0","Clip3","1432","0.5"
"2","2.897689768976898","0.0","0.3451025056947608","1.0","15","5","false","Fnbp1l","24.133333333333333","0","15","0","0.9661126826968411","false","0","Fnbp1l","0","0.23205128205128206"
"2","3.108910891089109","0.012666403919561168","0.321656050955414","0.3516483516483517","14","6","false","Psme2","12.857142857142858","0","14","0","0.9623408769448373","false","0","Psme2","8360","0.14446227929373998"
"2","4.128712871287129","0.01315760715144362","0.2422062350119904","0.0","2","7","false","Zdhhc3","12.5","0","2","0","0.9441301272984441","false","0","Zdhhc3","2860","0.5"
"2","3.0495049504950495","0.11744995954689083","0.3279220779220779","0.12","25","6","false","Rab11a","7.56","0","25","0","0.9634016973125884","false","0","Rab11a","47134","0.09789473684210526"
"2","6.115511551155116","0.0","0.16351861845655694","0.0","1","9","false","Zcchc24","2.0","0","1","0","0.9086515794436586","false","0","Zcchc24","0","0.0"
"2","3.31023102310231","0.013131314508409101","0.3020937188434696","0.5714285714285714","7","6","false","Nf1","15.428571428571429","0","7","0","0.9587458745874587","false","0","Nf1","8336","0.23376623376623376"
"2","3.386138613861386","0.021018673689107467","0.2953216374269006","0.5111111111111111","10","6","false","Ap1s3","12.6","0","10","0","0.9573903818953324","false","0","Ap1s3","10156","0.3048780487804878"
"2","2.8217821782178216","0.012903173755072937","0.35438596491228075","0.5952380952380952","21","5","false","Eps15l1","19.38095238095238","0","21","0","0.9674681753889675","false","0","Eps15l1","7218","0.1806853582554517"
"2","3.112211221122112","0.0561144468951253","0.3213149522799576","0.10714285714285714","8","6","false","Prkcz","11.0","0","8","0","0.9622819424799623","false","0","Prkcz","15646","0.14358108108108109"
"2","4.102310231023102","0.0066006600660066","0.2437650844730491","0.0","2","7","false","Pdzd2","4.5","0","2","0","0.9446016030174446","false","0","Pdzd2","1520","0.5"
"2","3.8184818481848186","0.0","0.26188418323249785","0.0","1","6","false","Agfg2","21.0","0","1","0","0.9496699669966997","false","0","Agfg2","0","0.0"
"2","4.118811881188119","6.037862112873586E-4","0.24278846153846154","0.6666666666666666","4","7","false","Amotl2","9.25","0","4","0","0.9443069306930693","false","0","Amotl2","180","0.40217391304347827"
"2","3.6732673267326734","0.0","0.2722371967654986","1.0","5","7","false","Cenpo","10.2","0","5","0","0.9522630834512024","false","0","Cenpo","0","0.35172413793103446"
"2","3.8745874587458746","0.0027807186916231704","0.2580919931856899","0.5238095238095238","7","7","false","Lats2","7.714285714285714","0","7","0","0.9486680810938237","false","0","Lats2","2096","0.3028571428571429"
"2","5.663366336633663","0.0","0.1765734265734266","0.0","1","9","false","Mcee","7.0","0","1","0","0.9167256011315417","false","0","Mcee","0","0.0"
"2","5.099009900990099","0.0","0.19611650485436893","0.0","1","8","false","Pdzd3","2.0","0","1","0","0.9268033946251768","false","0","Pdzd3","0","0.0"
"2","3.3894389438943895","0.0","0.29503407984420643","0.0","1","6","false","Orc2","56.0","0","1","0","0.9573314474304573","false","0","Orc2","0","0.0"
"2","3.9306930693069306","0.008358944513504643","0.25440806045340053","0.4166666666666667","9","7","false","Rragc","7.555555555555555","0","9","0","0.9476661951909476","false","0","Rragc","4712","0.2863247863247863"
"2","3.834983498349835","0.0","0.2607573149741824","0.0","1","6","false","Fndc4","17.0","0","1","0","0.9493752946723244","false","0","Fndc4","0","0.0"
"2","3.6666666666666665","0.007097889700669844","0.27272727272727276","0.5238095238095238","7","7","false","Wapal","7.428571428571429","0","7","0","0.9523809523809524","false","0","Wapal","2020","0.2602040816326531"
"2","3.867986798679868","0.008129639453533583","0.2585324232081911","0.47619047619047616","7","7","false","Tead1","8.0","0","7","0","0.9487859500235738","false","0","Tead1","5272","0.270935960591133"
"2","3.3597359735973598","0.01407374112835759","0.29764243614931235","0.21428571428571427","8","6","false","Dbnl","10.625","0","8","0","0.9578618576143328","false","0","Dbnl","6142","0.2075"
"2","3.745874587458746","0.024057688201738554","0.2669603524229075","0.2","6","7","false","Inadl","6.5","0","6","0","0.950966525223951","false","0","Inadl","6932","0.21666666666666667"
"2","3.283828382838284","0.017106884277725786","0.30452261306532663","0.3611111111111111","9","6","false","Syp","13.0","0","9","0","0.9592173503064592","false","0","Syp","10348","0.203125"
"2","3.405940594059406","0.0022586918330345994","0.2936046511627907","0.5619047619047619","15","6","false","Wnt2","15.0","0","15","0","0.957036775106082","false","0","Wnt2","2692","0.29411764705882354"
"2","3.6732673267326734","0.0","0.2722371967654986","1.0","5","7","false","Zwint","10.2","0","5","0","0.9522630834512024","false","0","Zwint","0","0.35172413793103446"
"2","3.273927392739274","0.005764505831089789","0.30544354838709675","0.7142857142857143","7","6","false","Limd1","18.0","0","7","0","0.9593941537010844","false","0","Limd1","3322","0.26260504201680673"
"2","3.5181518151815183","3.960761589853877E-4","0.2842401500938086","0.7","5","6","false","Dkk3","18.6","0","5","0","0.95503300330033","false","0","Dkk3","538","0.4325581395348837"
"2","3.881188118811881","4.3712980569580134E-6","0.2576530612244898","0.6666666666666666","3","7","false","Kremen1","15.0","0","3","0","0.9485502121640736","false","0","Kremen1","2","0.6"
"2","3.211221122112211","0.08119160884128523","0.3114080164439877","0.1323529411764706","17","6","false","Yap1","6.352941176470588","0","17","0","0.9605139085337104","false","0","Yap1","27632","0.09836065573770492"
"2","4.993399339933993","0.0","0.2002643754130866","0.0","1","8","false","Kank1","5.0","0","1","0","0.9286892975011787","false","0","Kank1","0","0.0"
"2","3.8382838283828384","0.002536082065879771","0.26053310404127256","0.3333333333333333","3","6","false","Adam23","12.0","0","3","0","0.9493163602074493","false","0","Adam23","914","0.40229885057471265"
"2","3.419141914191419","6.770228165405185E-4","0.29247104247104244","0.717948717948718","13","6","false","Wnt4","16.692307692307693","0","13","0","0.9568010372465817","false","0","Wnt4","1156","0.34065934065934067"
"2","3.9966996699669965","0.0066006600660066","0.2502064409578861","0.6","5","7","false","Kif21b","6.8","0","5","0","0.9464875058934465","false","0","Kif21b","2010","0.3142857142857143"
"2","3.8844884488448845","0.0025378797858599048","0.2574341546304163","0.5","4","7","false","Rab11fip4","10.25","0","4","0","0.9484912776991985","false","0","Rab11fip4","928","0.37037037037037035"
"2","2.716171617161716","0.046273085112224464","0.3681652490886999","0.5757575757575758","22","5","false","Tfrc","19.954545454545453","0","22","0","0.9693540782649694","false","0","Tfrc","24136","0.15589488636363635"
"2","3.8415841584158414","0.0018955614854382903","0.2603092783505155","0.5333333333333333","6","7","false","Stmn1","10.5","0","6","0","0.9492574257425742","false","0","Stmn1","1172","0.38271604938271603"
"2","3.145214521452145","0.09189415875629588","0.3179433368310598","0.1067193675889328","23","6","false","Dlg4","6.130434782608695","0","23","0","0.9616925978312116","false","0","Dlg4","28356","0.0821917808219178"
"2","4.867986798679868","0.0","0.2054237288135593","0.0","1","8","false","Dkkl1","8.0","0","1","0","0.930928807166431","false","0","Dkkl1","0","0.0"
"2","3.396039603960396","0.022645469904910613","0.2944606413994169","0.2777777777777778","9","6","false","Cacng4","7.888888888888889","0","9","0","0.9572135785007072","false","0","Cacng4","7054","0.17149758454106281"
"2","3.871287128712871","0.013601639929127609","0.25831202046035806","0.42857142857142855","8","7","false","Tead2","6.875","0","8","0","0.9487270155586988","false","0","Tead2","4456","0.2548076923076923"
"2","4.108910891089109","0.0","0.2433734939759036","0.0","1","7","false","BC034090","8.0","0","1","0","0.9444837340876945","false","0","BC034090","0","0.0"
"2","3.3036303630363038","0.003289401787860905","0.30269730269730266","0.7619047619047619","7","6","false","Epas1","17.285714285714285","0","7","0","0.9588637435172088","false","0","Epas1","2082","0.2700892857142857"
"2","4.867986798679868","0.0","0.2054237288135593","0.0","1","8","false","Foxj1","8.0","0","1","0","0.930928807166431","false","0","Foxj1","0","0.0"
"2","4.0462046204620465","0.006635760038429872","0.24714518760195756","0.3","5","7","false","Aacs","9.0","0","5","0","0.9456034889203205","false","0","Aacs","1398","0.36666666666666664"
"2","5.042904290429043","0.0","0.19829842931937175","0.0","1","8","false","Unc119","5.0","0","1","0","0.9278052805280528","false","0","Unc119","0","0.0"
